ticker,asof_utc,shortName,longName,symbol,exchange,currency,sector,industry,country,longBusinessSummary,marketCap,enterpriseValue,trailingPE,forwardPE,priceToBook,pegRatio,profitMargins,operatingMargins,grossMargins,returnOnEquity,returnOnAssets,revenueGrowth,earningsGrowth,totalDebt,debtToEquity,currentRatio,quickRatio,dividendYield,payoutRatio,fiveYearAvgDividendYield,beta,fiftyTwoWeekLow,fiftyTwoWeekHigh
7203.T,2026-08-10T21:03:23.031462+00:00,TOYOTA MOTOR CORP,Toyota Motor Corporation,7203.T,JPX,JPY,Consumer Cyclical,Auto Manufacturers,Japan,"Toyota Motor Corporation designs, manufactures, assembles, and sells passenger vehicles, minivans and commercial vehicles, and related parts and accessories in Japan, North America, Europe, Asia, Central and South America, Oceania, Africa, the Middle East, and internationally. The company operates through Automotive, Financial Services, and All Other segments. The company offers subcompact and compact cars; mini-vehicles; mid-size, luxury, sports, and specialty cars; recreational and sport-utility vehicles; pickup trucks; minivans; trucks; and buses. It also develops and sells battery and hybrid electric vehicles and batteries. In addition, the company provides financial services, such as retail financing and leasing, wholesale financing, insurance, and credit cards. Further, it operates GAZOO.com, a web portal for automobile information, as well as engages in telecommunications and other businesses. It offers vehicles under the Toyota and Lexus brand names. It has strategic manufacturing alliance with Joby Aviation, Inc. to establish a joint venture to realize air mobility. Toyota Motor Corporation was founded in 1933 and is headquartered in Toyota, Japan.",35298176139264.0,66823215120384.0,8.484659,9.194374,0.9461702,1.56,0.0863,0.07863,0.16767,0.12404,0.02339,0.104,0.869,43953168580608.0,114.974,1.169,0.953,3.36,0.27040002,2.75,0.335,2686.0,4000.0
6758.T,2026-08-10T21:03:23.031462+00:00,SONY GROUP CORPORATION,Sony Group Corporation,6758.T,JPX,JPY,Technology,Consumer Electronics,Japan,"Sony Group Corporation develops, designs, produces, manufactures, supplies, and sells electronic equipment, instruments, and devices for consumer, professional, and industrial use in Japan, the United States, Europe, China, the Asia-Pacific, and internationally. The company operates through Game & Network Services, Music, Pictures, Entertainment Technology & Services, and Imaging & Sensing Solutions. It develops, designs, produces, manufactures, provides, and sells smartphones and image sensors; plans, produces, manufactures, and sells music software, performances and merchandise, song lyrics and music management, licensing, animation works, and game applications. The company is also involved in the production, acquisition, sale, and distribution of motion pictures and television programs; operates television networks and direct-to-consumer distribution services; insurance business, including life insurance and non-life insurance; internet banking; production and sale of digital software add-on content; manufacturing and sales of home video game consoles; and interchangeable lens, projectors, and medical equipment. It has a strategic partnership with TCL Electronics Holdings Limited in the home entertainment sector; and a non-binding memorandum of understanding with Taiwan Semiconductor Manufacturing Company Limited for a strategic partnership regarding the development and manufacturing of image sensors. The company was formerly known as Sony Corporation and changed its name to Sony Group Corporation in April 2021. Sony Group Corporation was incorporated in 1946 and is headquartered in Tokyo, Japan.",22103946428416.0,22210204925952.0,20.190968,20.545853,2.6410882,1.56,-0.01746,0.16721001,0.32248002,0.13159999,0.042529996,0.082,0.476,1870597980160.0,21.318,1.245,0.818,0.94,0.1341,0.59,0.759,3043.0,4776.0
8306.T,2026-08-10T21:03:23.031462+00:00,MITSUBISHI UFJ FINANCIAL GROUP,"Mitsubishi UFJ Financial Group, Inc.",8306.T,JPX,JPY,Financial Services,Banks - Diversified,Japan,"Mitsubishi UFJ Financial Group, Inc., together with its subsidiaries, provides various financial products and services in Japan, the United States, Europe, the Middle East, Asia, Oceania, and internationally. It operates through seven segments: Retail and Digital Business; Corporate and Wealth Management Business; Corporate Banking Business; Global Commercial Banking Business; Asset Management Business; Global CIB Business; and Market Business. The company offers retail, commercial, digital, corporate, and investment banking; wealth management; loans; settlement services; merger and acquisition; asset management; investor services; pensions; consulting services; bonds; forex and derivatives; equities; market trading; liabilities; treasury and other related operations; and liquidity and cash flow management services. It is also involved in trust banking; securities; leasing; venture capital; renewable energy; factoring; research; software development; information processing and technology; SR and IR support; investment trust and real estate asset management; investment advising; real estate brokering; credit solution business; credit and prepaid cards; loan guarantees; agency services for credit purchases; and servicer activities. The company was formerly known as Mitsubishi Tokyo Financial Group Inc. and changed its name to Mitsubishi UFJ Financial Group, Inc. in October 2005. Mitsubishi UFJ Financial Group, Inc. was founded in 1880 and is headquartered in Chiyoda, Japan.",39581823008768.0,6266961264640.0,16.524645,23.140823,1.7404429,1.79,0.27446,0.45599997,0.0,0.09458999,0.0051499996,0.288,0.509,108380647587840.0,,,,2.69,0.405,3.19,0.321,2158.5,3813.0
9984.T,2026-08-10T21:03:23.031462+00:00,SOFTBANK GROUP CORP,SoftBank Group Corp.,9984.T,JPX,JPY,Communication Services,Telecom Services,Japan,"SoftBank Group Corp. provides telecommunication services in Japan and internationally. It operates through Holding Company Investment Business, SoftBank Vision Funds, SoftBank, AI Computing Business, and Other segments. The company engages in Consumer Business, mobile services and broadband; mobile services and solutions; ICT service materials to corporate clients; media, advertising, and related services; and payment and financial services. It also offers semiconductor IP, chips, and related technologies, and software tools and related services; development, construction, and operation of solar power plants; and data center development and construction, as well as robotics-related and Hawks-related businesses. It also provides online advertising and e-commerce services; payment and financial services; information and communication technology services products to enterprise customers; and communication device-related products and Internet of Things equipment to retail customers. In addition, the company engages in alternative investment management; ownership of professional baseball team; operation of baseball games; management and maintenance of baseball stadium and other sports facilities; genetic testing, medical data utilization; and distribution of video, voice, and data content via media businesses. Further, it is involved in the certification services, security solutions, and Linux/OSS businesses; operation of comprehensive IT information site ITmedia; internet advertising agency business; facility management; planning and operation of fashion e-commerce website; operational support of brands' own e-commerce website; operation of fashion coordination app; banking; mail order sale of stationery and services; and provision of autonomous forklifts. The company was formerly known as SoftBank Corp. and changed its name to SoftBank Group Corp. in July 2015. SoftBank Group Corp. was incorporated in 1981 and is headquartered in Tokyo, Japan.",31252895760384.0,58048643072000.0,6.2874045,18.571573,1.7145687,1244.77,0.61613,-0.115509994,0.51453,0.31964,-0.00476,0.109,-0.178,27790728495104.0,130.15,0.682,0.462,0.2,0.0126,0.58,1.002,3365.0,9074.0
6861.T,2026-08-10T21:03:23.031462+00:00,KEYENCE CORP,Keyence Corporation,6861.T,JPX,JPY,Technology,Scientific & Technical Instruments,Japan,"Keyence Corporation, together with its subsidiaries, manufactures and sells electronic application equipment in Japan and internationally. The company offers photoelectric, fiber optic, laser, inductive proximity, positioning, vision, and specific solution sensors, as well as network communication units; laser profiler/3D laser snapshot sensor, laser displacement sensors, optical micrometer/laser micrometer, spectral interference displacement sensor, inductive displacement sensors, and LVDT/contact displacement sensors; machine vision products; and flow sensors/flow meters, pressure sensors, temperature sensors, and level sensors. It also provides pneumatic components; safety light curtains, laser scanners, interlock switches, and controller; microscopes/laser microscopes; optical comparator; coordinate measuring machine, 3D scanner, and 3D optical profilometers; programmable logic controller, micro PLC /small PLC, HMI, servo motors/servo systems, and other control products; and marking/coding, barcode reader, mobile computers/handheld computers, data acquisition, static control, additive manufacturing, and RPA/desktop automation software products. The company's products are used in automotive, metals, semiconductors/LCDs, electronic devices, plastics, films/sheets, food/pharmaceutical, medical technology, and logistics applications. The company was founded in 1972 and is headquartered in Osaka, Japan.",20614637158400.0,19188039024640.0,46.23636,45.518074,5.8090005,2.55,0.39224,0.53971,0.83663005,,,0.328,0.51,0.0,,11.867,11.111,0.65,0.2996,0.51,1.001,51510.0,87920.0
8035.T,2026-08-10T21:03:23.031462+00:00,TOKYO ELECTRON,Tokyo Electron Limited,8035.T,JPX,JPY,Technology,Semiconductor Equipment & Materials,Japan,"Tokyo Electron Limited, together with its subsidiaries, develops, manufactures, and sells semiconductor production equipment in Japan, South Korea, Taiwan, China, North America, Europe, and internationally. The company provides coaters/developers, plasma etch systems, cleaning systems, deposition systems, test systems, 3D integration systems, SiC Epitaxial CVD systems, and gas cluster beam systems, as well as other deposition and lithography and other products. It also offers engineering services; spare parts/repairs; upgrades/modification; and used products, as well as display production equipment. The company was incorporated in 1951 and is based in Tokyo, Japan.",25801456091136.0,25391846653952.0,45.273235,44.329014,12.040437,1.5,0.23645,0.28866,0.45562,0.30929002,0.15821,0.333,0.404,0.0,,2.633,1.392,1.37,0.50200003,2.17,1.334,19870.0,81260.0
9432.T,2026-08-10T21:03:23.031462+00:00,NTT INC,"NTT, Inc.",9432.T,JPX,JPY,Communication Services,Telecom Services,Japan,"NTT, Inc. operates as a telecommunications company in Japan and internationally. The company operates through the Comprehensive ICT Business, Regional Communications Business, Global Solutions Business, and Others segments. Its Comprehensive ICT Business segment offers mobile phone and fiber-optic broadband services; financial, content, and lifestyle services; and corporate communication services and solutions. This segment also engages in engineering, system development, and related businesses. The Regional Communications Business segment provides optical fiber services, corporate services, fixed-line telephone services, and related businesses. Its Global Solutions Business segment offers consulting, IT solutions, system and software development, and maintenance services. This segment is involved in port operations, data center operations, and related businesses. Its Others segment engages in real estate and construction, energy, and other businesses. The company was formerly known as Nippon Telegraph and Telephone Corporation and changed its name to NTT, Inc. in July 2025. NTT, Inc. was founded in 1952 and is headquartered in Chiyoda, Japan.",12984361418752.0,28547980722176.0,12.670364,10.98969,1.3207235,3.52,0.07126,0.12453,0.27283,0.107130006,0.03076,0.109,0.075,17425652252672.0,168.396,0.495,0.32,3.41,0.42029998,3.2,-0.177,142.6,167.2
7974.T,2026-08-10T21:03:23.031462+00:00,NINTENDO CO LTD,"Nintendo Co., Ltd.",7974.T,JPX,JPY,Communication Services,Electronic Gaming & Multimedia,Japan,"Nintendo Co., Ltd., together with its subsidiaries, develops, manufactures, and sells home entertainment products in Japan, the Americas, Europe, and internationally. It offers home console gaming hardware, software, accessories, and other products. The company also provides various services, such as Nintendo Switch Online; and content through mobile application. In addition, it offers develop IP, including video content and mobile apps. The company was formerly known as Nintendo Playing Card Co., Ltd. and changed its name to Nintendo Co., Ltd. in 1963. Nintendo Co., Ltd. was founded in 1889 and is headquartered in Kyoto, Japan.",9528497143808.0,7561430433792.0,22.684233,24.285254,3.265584,4.05,0.0,0.27538002,0.0,,,-0.095,0.55,0.0,,3.728,2.672,2.72,0.60080004,2.64,,6544.0,14795.0
RELIANCE.NS,2026-08-10T21:03:23.031462+00:00,RELIANCE INDUSTRIES LTD,Reliance Industries Limited,RELIANCE.NS,NSI,INR,Energy,Oil & Gas Refining & Marketing,India,"Reliance Industries Limited engages in hydrocarbon exploration and production, petroleum refining and marketing, petrochemicals, advanced materials and composites, renewable, financial services, retail, and digital services worldwide. It operates through the Oil to Chemicals, Oil and Gas, Retail, Digital Services, and Others segments. The company is involved in refining and marketing products, including liquefied petroleum gas, propylene, naphtha, gasoline, jet/aviation turbine fuel, kerosine oil, diesel, sulfur, and petroleum coke. It also provides polymers comprising high-density and low-density polyethylene (PE), linear low-density PE, homopolymer, random and impact copolymer, and polyvinyl chloride; fiber intermediates that include purified terephthalic acid, and ethylene glycols and oxide; aromatics, such as paraxylene, ortho xylene, benzene, and linear alkyl benzene and paraffin; and textiles that consist of fabrics, apparel, and auto furnishings. In addition, the company offers elastomers, such as polybutadiene rubber, styrene butadiene rubber, and butyl rubber; fiber and yarn polyesters; and bioenergy solutions, including compressed biogas, and pellets and briquettes. Further, it engages in oil and gas exploration and production activities; operation of various stores comprising supermarkets, hypermarket, wholesale cash and carry, specialty, and online stores; operation of media and entertainment platforms, and Network18 and television channels; and publishing of magazines. Additionally, the company provides highway hospitality and fleet management services, as well as digital services, such as connectivity, fiber, mobile devices, apps, business, and other digital solutions. Reliance Industries Limited was founded in 1957 and is based in Mumbai, India.",17961651798016.0,21178540359680.0,24.019184,18.55886,1.9868423,0.82,0.066149995,0.12331,0.33837003,,,0.297,-0.224,3979999969280.0,36.653,,,0.45,0.2083,0.44,0.157,1249.8,1611.8
TCS.NS,2026-08-10T21:03:23.031462+00:00,TATA CONSULTANCY SERV LT,Tata Consultancy Services Limited,TCS.NS,NSI,INR,Technology,Information Technology Services,India,"Tata Consultancy Services Limited provides information technology (IT) and IT enabled services. It offers TCS ADD, a suite of AI powered life sciences platforms; TCS BaNCS, a financial services platform; TCS BFSI Platforms, a cloud-native, subscription-based as-a-service digital ecosystem for insurers and financial firms; TCS Chroma, a cloud-based AI-led hire-to-retire modular platform; TCS Customer Intelligence & Insights, an AI-powered, real-time customer data analytics solution; TCS ERP on Cloud, SAP transformation with AI-powered smart solutions; ignio, a cognitive automation software product; TCS iON, a learning ecosystem; and TCS HOBS, a cloud-native, catalog-centric platform with composable architecture and insights-led personalization capabilities. It also offers TCS Intelligent Urban Exchange for enterprises and smart cities; TCS OmniStore, a retail commerce platform; TCS Optumera, a strategic intelligence platform; TCS Tap, a platform for intelligent procurement; Quartz, a distributed ledger technology; TCS TwinX, a risk-free experimentation platform; TCS MasterCraft, an AI-driven cognitive automation product; Jile, an enterprise agile planning and delivery tool; TCS DigiBOLT, an end-to-end, organization-wide enterprise platform; and TCS AI WisdomNext, an enterprise grade GenAI platform. In addition, the company provides AI, data and analytics, cloud, cognitive business, consulting, cybersecurity, enterprise solutions, industrial autonomy and engineering, network solutions and services, TCS interactive, and sustainability services. It serves banking; capital markets; consumer packaged goods and distribution; communications, media, and information services; education; energy, resources, and utilities; healthcare; high tech; insurance; life sciences; manufacturing; public services; retail; and travel and logistics industries. The company was founded in 1968 and is based in Mumbai, India. The company operates as a subsidiary of Tata Sons Private Limited.",8776394473472.0,8450384855040.0,17.628633,14.934023,8.00524,3.21,0.18052,0.23963,0.40389,0.47743,0.24479,0.139,0.046,113090002944.0,10.211,2.276,2.045,2.65,0.38509998,1.55,0.164,1976.8,3350.0
HDFCBANK.NS,2026-08-10T21:03:23.031462+00:00,HDFC BANK LTD,HDFC Bank Limited,HDFCBANK.NS,NSI,INR,Financial Services,Banks - Regional,India,"HDFC Bank Limited provides banking and financial products and services to individuals and businesses in India, Bahrain, Hong Kong, Singapore, and Dubai. The company operates through Treasury, Retail Banking, Wholesale Banking, Other Banking Business, Insurance Business, and Other segments. It offers savings, salary, current, rural, public provident fund, pension, and demat accounts; fixed and recurring deposits; and safe deposit lockers, as well as offshore accounts and deposits, and overdrafts against fixed deposits. The company also provides personal, home, car and pre owned car, marriage, two-wheeler, business, doctor, educational, gold, consumer, and rural loans; loans against properties, securities, mutual funds, and car; loans for professionals; government sponsored programs; and loans on credit card, as well as working capital, term loans, supply chain management, project finance, export finance, commercial vehicle / equipment finance, tractor finance, infrastructure, and agriculture finance. In addition, it offers credit, debit, prepaid, forex, and kisan gold cards; payment and collection, export, import, remittance, bank guarantee, letter of credit, trade, hedging, and merchant and cash management services; and insurance and investment products. Further, the company provides short term finance, bill discounting, structured finance, export credit, loan repayment, custodial, and documents collection services; online, mobile, and phone banking services; unified payment interface, immediate payment, national electronic funds transfer, and real time gross settlement services; channel financing, vendor financing, money market, derivatives, employee trusts, cash surplus corporates, tax payment, and bankers to rights/public issue services; and financial solutions for supply chain partners and agricultural customers. It operates branches and automated teller machines in various cities/towns. The company was incorporated in 1994 and is headquartered in Mumbai, India.",11261070802944.0,14766148943872.0,15.974651,11.677317,1.856211,0.89,0.26787,0.33291999,0.0,0.13838,0.0175,0.166,0.181,5658713784320.0,,,,1.78,0.24040002,1.06,0.414,726.65,1020.5
ICICIBANK.NS,2026-08-10T21:03:23.031462+00:00,ICICI BANK LTD.,ICICI Bank Limited,ICICIBANK.NS,NSI,INR,Financial Services,Banks - Regional,India,"ICICI Bank Limited, together with its subsidiaries, engages in the provision of various banking and financial services to corporate and retail customers in India and internationally. The company operates through Retail Banking, Wholesale Banking, Treasury, Other Banking, Life Insurance, General Insurance, and Others segments. The company offers asset management, securities brokerage, private equity, foreign exchange, agricultural and rural banking, equities underwriting, depositary share accounts, consumer durable goods financing, corporate salary and current account, savings and sovereign gold bonds, insurance policies, public offerings, investment, credit and protection, retail inward remittances, certificates of deposits, and payment and transaction banking products and services. It is also involved in the fee and commission-based activities; distribution of financial products; venture capital and real estate fund management business; treasury and rural banking operations; financial solutions; working capital financing; I-Process services, mutual funds, investment banking, and pension funds; and advisory activities. In addition, the company provides savings, salary, capital gains scheme, Hindu undivided family savings, real estate regulatory authority, government e-marketplace, current, trade, escrow, and foreign currency accounts. Further, it offers personal, home, car, education, gold, automobile, and commercial business loans, as well as loans against time deposits, securities, and property; and working capital loans, as well as credit, debit, prepaid, travel, forex, commercial, and corporate cards. Additionally, the company provides fixed income products; investment products; payments; general, accident, life, health, vehicle, and travel insurance products; cash management and merchant services; capital market and securities market services; and forex, derivatives, bullion, and bonds. The company was founded in 1955 and is headquartered in Mumbai, India.",10270698110976.0,11971155984384.0,18.522638,15.231915,2.6995893,0.53,0.27531,0.38509998,0.0,0.16073999,0.021070002,0.114,0.138,2263177232384.0,,,,0.84,0.14220001,0.63,0.261,1187.6,1480.0
INFY.NS,2026-08-10T21:03:23.031462+00:00,INFOSYS LIMITED,Infosys Limited,INFY.NS,NSI,INR,Technology,Information Technology Services,India,"Infosys Limited provides consulting, technology, outsourcing, and digital services worldwide. The company offers insight services, such as applied and generative AI, sustainability services, and Infosys Topaz, an AI-first set of services, solutions, and platforms; blockchain, Internet of Things, and engineering services; cybersecurity and quality engineering services; and enterprise agile DevOps, API economy and microservices, application modernization, and digital process automation. It also provides digital supply chain, Microsoft business application services, Microsoft cloud business, Oracle, SAP, service experience transformation, Salesforce, energy transition, network transformation services, infrastructure services, global capability center, and Infosys Cobalt, a suite of services, solutions, and platforms. In addition, the company offers experience services, including digital marketing, digital commerce, digital interactions, digital workplace services, digital experience, metaverse, and Infosys Aster, a marketing suite; and EdgeVerve, Infosys Finacle, Infosys Live Enterprise Suite, Infosys Cortex, Infosys Meridian, Panaya, Infosys Equinox, Infosys Topaz Fabric, Infosys Wingspan, Infosys Helix, and Infosys Polycloud platforms. It serves aerospace and defense, agriculture, automotive, chemical manufacturing, communication services, consumer packaged goods, education, engineering procurement and construction, financial services, oil and gas, private equity, professional services, public sector, healthcare, high technology, industrial manufacturing, information services and publishing, insurance, life sciences, logistics and distribution, media, entertainment, mining, retail, semiconductor, travel and hospitality, utilities, and waste management industries. The company was formerly known as Infosys Technologies Limited and changed its name to Infosys Limited in June 2011. Infosys Limited was incorporated in 1981 and is headquartered in Bengaluru, India.",4791296065536.0,4788584972288.0,15.369624,14.798794,5.2251244,2.1,0.16370001,0.21173,0.29676,0.32,0.15297,0.029,0.053,923000000.0,9.541,1.862,1.594,4.25,0.64599997,2.49,0.107,982.4,1728.0
BHARTIARTL.NS,2026-08-10T21:03:23.031462+00:00,BHARTI AIRTEL LIMITED,Bharti Airtel Limited,BHARTIARTL.NS,NSI,INR,Communication Services,Telecom Services,India,"Bharti Airtel Limited operates as a telecommunications company in India and internationally. It operates through the Mobile Services India, Mobile Services Africa, Mobile Services South Asia, Airtel Business, Passive Tower Infrastructure Services, Homes Services, Digital TV Services, and Others segments. The company provides voice and data telecom services through wireless technology including 2G/3G/4G/5G services; passive infrastructure service, including the setup, operation, and maintenance of wireless communication towers; mobile money services; home services covering voice and data communications through fixed-line network, wireless network, and broadband technology for homes; and digital TV services comprising digital broadcasting services under the DTH platform and IPTV services. It also engages in the airtel business that includes MPLS, VoIP, SIP trunking, fixed line voice solutions, communications platform as a service (CPaaS), internet of things (IoT), managed services, enterprise mobility applications, cloud, and cybersecurity, data and voice, network integration, managed services, security, and platform services. In addition, the company offers post-paid, prepaid, roaming, data services, OTT content, and various value-added services, as well as mobile TV, video calls, live-streaming videos, gaming, and high-definition (HD) and 4K content services. The company was formerly known as Bharti Tele-Ventures Limited and changed its name to Bharti Airtel Limited in April 2006. Bharti Airtel Limited was incorporated in 1995 and is headquartered in Gurugram, India.",12121712623616.0,13935887515648.0,40.631535,23.593513,7.488082,,0.1314,0.32573003,0.67856,0.20151,0.08163,0.184,0.351,2014801952768.0,100.415,0.57,0.358,1.22,0.3344,0.8,0.01,1740.5,2174.5
SBIN.NS,2026-08-10T21:03:23.031462+00:00,STATE BANK OF INDIA,State Bank of India,SBIN.NS,NSI,INR,Financial Services,Banks - Regional,India,"State Bank of India provides banking products and services in India and internationally. The company operates through the Treasury, Corporate/Wholesale Banking, Retail Banking, and Other Banking Business segments. It offers personal banking products and services, including current, savings, salary, and deposit accounts; home, personal, pension, auto, education, and gold loans, as well as loans against insurance property, and securities; debit, business debit, prepaid, and green remit cards; overdrafts; mutual funds, insurance, equity trading, portfolio investment schemes, remittance services; digital lending; and mobile, internet, and digital banking services. The company also provides corporate banking products and services comprising corporate accounts, working capital and project finance, deferred payment guarantees, corporate term loans, structured finance, dealer and channel financing, equipment leasing, loan syndication, construction equipment loans, financing Indian firms' overseas subsidiaries or JVs, and cash management, as well as trade and service products. In addition, it offers NRI services, including accounts, investments, loans, and remittances; agricultural banking services; and international banking services. Further, it provides life and general insurance; estate planning services; merchant banking and advisory; securities broking; trusteeship service; factoring; payment solution; asset management; portfolio and investment management; credit cards; and custody and fund accounting services. State Bank of India was founded in 1806 and is headquartered in Mumbai, India.",9885991305216.0,16169275752448.0,11.745996,10.240406,1.589542,0.53,0.22376,0.35717,0.0,0.15177,0.01132,0.103,0.099,8203340349440.0,,,,1.58,0.1744,1.52,0.385,798.5,1234.7
LT.NS,2026-08-10T21:03:23.031462+00:00,LARSEN & TOUBRO LTD.,Larsen & Toubro Limited,LT.NS,NSI,INR,Industrials,Engineering & Construction,India,"Larsen & Toubro Limited engages in engineering, procurement, and construction projects (EPC) in India and internationally. The company operates through four segments: Infrastructure Projects, Energy Projects, Hi-Tech Manufacturing, and Others. The Infrastructure Projects segment is involved in the engineering and construction of building and factories, transportation infrastructure, heavy civil infrastructure, power transmission & distribution, renewables, water and effluent treatment, and minerals and metals. The Energy Projects segment provides EPC solutions in clean energy space, oil & gas, refineries, petrochemicals & offshore wind energy sectors, from front-end design through detailed engineering, modular fabrication, procurement, project management, construction, installation and commissioning; CarbonLite solutions for power generation plants including power generation equipment with associated systems; and carbon capture utilization and utility packages. The Hi-Tech Manufacturing segment designs, manufactures/constructs, supplies, and revamps/retrofits custom designed engineered critical equipment and systems for the process plants, nuclear energy, and green hydrogen sectors; marine and land platforms, related equipment and systems, and aerospace products and systems; precision and electronics products and systems; and electrolysers. The other segment engages in realty; smart infrastructure and communication projects; construction equipment; and industrial product design development, including marketing and servicing of construction equipment, mining machinery and parts thereof, manufacture and sale of rubber processing machinery, and ecommerce/digital platforms and data centers. It has a strategic partnership with General Atomics Aeronautical Systems, Inc. to manufacture Medium Altitude Long Endurance (MALE) Remotely Piloted Aircraft Systems (RPAS) in India, for the Indian armed forces. The company was founded in 1938 and is headquartered in Mumbai, India.",5613533790208.0,6293805334528.0,33.870163,22.635893,5.1354995,1.06,0.05588,0.10609999,0.37425,,,0.081,0.14,1254965903360.0,97.64,,,0.94,0.3152,0.9,0.508,3288.1,4440.0
0700.HK,2026-08-10T21:03:23.031462+00:00,TENCENT,Tencent Holdings Limited,0700.HK,HKG,HKD,Communication Services,Internet Content & Information,China,"Tencent Holdings Limited, an investment holding company, provides value-added services, marketing services, fintech, and business services in Mainland China and internationally. The company's consumers business includes communications and social services, such as instant messaging and social networks; digital content, including online games, videos, live streaming, news, music, and literature; fintech services, which include mobile payment, wealth management, consumer loans, and securities trading; and various tools comprising network security management, browsing, navigation, application management, email, etc. Its enterprise business comprises marketing solutions, which offer digital tools, including user insight, creative management, placement strategy, and digital assets management; and cloud services, such as cloud computing, big data analytics, artificial intelligence, Internet of Things, and security and other technologies for financial services, education, healthcare, retail, industry, transport, energy, and radio and television industries. The company also invests in, produces, and distributes films and television programs; offers copyrights licensing and merchandise sales and other services; provides internet advertisement services; and offers software development, and information technology and system integration services, as well as develops and operates mobile games. The company was formerly known as Tencent (BVI) Limited and changed its name to Tencent Holdings Limited in February 2004. Tencent Holdings Limited was founded in 1998 and is headquartered in Shenzhen, the People's Republic of China.",4333383974912.0,4378257260544.0,17.156094,12.739401,3.317617,1.42,0.30606002,0.34295,0.56449,0.20515,0.079169996,0.091,0.229,405511012352.0,33.468,1.425,1.141,1.11,0.1712,0.7,0.745,411.0,683.0
9988.HK,2026-08-10T21:03:23.031462+00:00,BABA-W,Alibaba Group Holding Limited,9988.HK,HKG,HKD,Consumer Cyclical,Internet Retail,China,"Alibaba Group Holding Limited, through its subsidiaries, provides technology infrastructure and marketing reach to help merchants, brands, retailers, and other businesses in the People's Republic of China and internationally. It operates through the Alibaba China E-Commerce Group, Alibaba International Digital Commerce Group, Cloud Intelligence Group, and All Others segments. The Alibaba China E-commerce Group segment operates Taobao and Tmall, which are digital retail platforms; Taobao Instant Commerce, a local services and on-demand delivery platform; 1688.com, a domestic wholesale marketplace; and Xianyu, a consumer-to-consumer community and marketplace for idle goods. Its Alibaba International Digital Commerce Group segment includes AliExpress, a global e-commerce platform; Trendyol, an e-commerce platform in Turkey; Lazada, an e-commerce platform in Southeast Asia; Daraz, an e-commerce platform in South Asia, primarily in Pakistan and Bangladesh; and Alibaba.com, an integrated international online wholesale marketplace. The Cloud Intelligence Group segment offers a suite of cloud services based on infrastructure-as-a-service, platform-as-a-service, and model-as-a-service. Its All Others segment comprises Amap, a provider of mobile digital maps, navigation, and real-time traffic information in China; Cainiao, which provides logistics solutions; Youku, an online long-form video platform in China; Freshippo, a retail platform for groceries and fresh goods; and Alibaba Health, a pharmaceutical and healthcare services platform. Alibaba Group Holding Limited was incorporated in 1999 and is based in Hangzhou, China.",2429471162368.0,2395760754688.0,19.827856,13.732575,1.9109523,0.53,0.1012,0.0101499995,0.39811,0.092159994,0.0212,0.029,1.041,281721995264.0,25.014,1.282,0.863,0.83,0.1712,,0.51,88.65,186.2
0005.HK,2026-08-10T21:03:23.031462+00:00,HSBC HOLDINGS,HSBC Holdings plc,0005.HK,HKG,HKD,Financial Services,Banks - Diversified,United Kingdom,"HSBC Holdings plc engages in the provision of banking and financial products and services worldwide. It operates through four segments: Hong Kong, UK, Corporate and Institutional Banking, and International Wealth and Premier Banking. The Hong Kong segment is involved in the retail banking and wealth and commercial banking of HSBC Hong Kong and Hang Seng Bank. The UK segment engages in UK retail banking and wealth, as well as first direct and M&S Bank, UK Commercial Banking, and HSBC Innovation Bank. The Corporate and Institutional Banking segment is involved in transaction banking and capital markets. The International Wealth and Premier Banking segment is involved in the business comprising premier banking outside of Hong Kong and the UK, its private bank, asset management, and insurance businesses. The company was founded in 1865 and is headquartered in London, the United Kingdom.",2786511552512.0,2407473872896.0,14.799636,11.220045,2.0557911,1.01,0.37797,0.58768004,0.0,0.13104999,0.00782,0.254,,837577998336.0,,,,3.64,0.535,5.08,0.577,98.45,169.7
1299.HK,2026-08-10T21:03:23.031462+00:00,AIA,AIA Group Limited,1299.HK,HKG,HKD,Financial Services,Insurance - Life,Hong Kong,"AIA Group Limited, together with its subsidiaries, provides life insurance based financial services in Hong Kong. The company offers life insurance, accident, and health insurance and savings plans; and employee benefits, credit life, and pension services to corporate clients. It is also involved in the distribution of investment and other financial services products. It sells its products through a network of agents and partners in Mainland China, Macau, Thailand, Singapore, Malaysia, Australia, Cambodia, Indonesia, Myanmar, New Zealand, the Philippines, South Korea, Sri Lanka, Taiwan, Brunei, Vietnam, and India. AIA Group Limited was founded in 1919 and is headquartered in Central, Hong Kong.",767734841344.0,791824760832.0,16.090712,11.121094,2.298772,1.01,0.2378,0.31429002,0.43895,0.14847,0.01871,0.06,0.094,20580999168.0,47.195,1.961,0.976,2.6,0.3893,2.24,0.652,68.95,92.15
0939.HK,2026-08-10T21:03:23.031462+00:00,CCB,China Construction Bank Corporation,0939.HK,HKG,HKD,Financial Services,Banks - Diversified,China,"China Construction Bank Corporation engages in the provision of various banking and related financial services to individuals and corporate customers in the People's Republic of China and internationally. It operates through Corporate Finance Business, Personal Finance Business, Treasury and Asset Management Business, and Others segments. The company offers corporate and personal loans; trade financing; deposit taking and wealth management, agency, financial consulting and advisory, cash management, remittance and settlement, guarantee, and investment banking services to individuals, corporations, government agencies, and financial institutions. It is also involved in inter-bank deposit and placement transactions, repurchase and resale transactions, and invests in debt securities; trades in derivatives and foreign currencies; precious metal trading; and custody services. In addition, the company provides finance leasing, transfer and purchase of finance lease assets, and fixed-income investment; motor vehicle, business and household property, construction and engineering, liability insurance, hull and cargo, and short-term health and accidental injury insurance, as well as reinsurance; and cost consulting, whole-process engineering consulting, project management, investment consulting, and bidding agency services; and debt-to-equity swaps and relevant supporting businesses. Further, it engages in private equity investment and management of development funds and other private equity funds; investment banking related services, such as sponsoring and underwriting of public offerings, corporate merger and acquisition and restructuring, direct investment, asset management, and securities brokerage and market research; house rental business; raising and selling of funds; management of annuity and pension funds; and pension advisory service. China Construction Bank Corporation was founded in 1954 and is headquartered in Beijing, the People's Republic of China.",2316471107584.0,3116716261376.0,5.8642383,5.514676,0.5618137,1.03,0.55632,0.68353,0.0,0.09548,0.00763,0.05,0.0,6010644201472.0,,,,4.99,0.30290002,7.8,0.243,7.18,9.36
0941.HK,2026-08-10T21:03:23.031462+00:00,CHINA MOBILE,China Mobile Limited,0941.HK,HKG,HKD,Communication Services,Telecom Services,Hong Kong,"China Mobile Limited provides communication, computing, and AI services in Mainland China and Hong Kong. It offers communications services, including mobile communications, broadband networks, cellular IoT, and satellite Internet; computing services comprising data centers, cloud computing services, and cloud computing applications; and AI services, such as data algorithms, embodied intelligence, digital intelligence culture, digital intelligence e-commerce, and industry digital intelligence services. The company was formerly known as China Mobile (Hong Kong) Limited and changed its name to China Mobile Limited in May 2006. The company was incorporated in 1997 and is based in Central, Hong Kong. China Mobile Limited operates as a subsidiary of China Mobile Hong Kong (BVI) Limited.",1775940141056.0,1531768733696.0,11.209017,11.0109415,1.0704348,53.54,0.12898,0.10977,0.28445998,0.096379995,0.042740002,0.01,-0.049,102327001088.0,7.17,0.855,0.782,6.16,0.7611,6.94,0.266,75.55,90.6
0388.HK,2026-08-10T21:03:23.031462+00:00,HKEX,Hong Kong Exchanges and Clearing Limited,0388.HK,HKG,HKD,Financial Services,Financial Data & Stock Exchanges,Hong Kong,"Hong Kong Exchanges and Clearing Limited, together with its subsidiaries, owns and operates stock and futures exchanges, and related clearing houses in Hong Kong, the United Kingdom, and Mainland China. It operates through Cash, Equity and Financial Derivatives, Commodities, and Data and Connectivity segments. The Cash segment covers various equity products traded on the cash market platforms of the Stock Exchange of Hong Kong Limited, as well as through the Shanghai-Hong Kong and the Shenzhen-Hong Kong stock connects; clearing, settlement and custodian, listing, depository, and nominee services; and other related activities. Its Equity and Financial Derivatives segment provides and maintains trading and clearing platforms for a range of equity and financial derivative products, such as stock and equity index futures and options, derivative warrants, callable bull/bear contracts and warrants, and over the counter derivatives contracts. The Commodities segment operates an exchange for the trading of base and ferrous metals futures and options contracts in the United Kingdom; and operates Qianhai Mercantile Exchange Co., Ltd., a commodity trading platform in Mainland China. This segment also covers commodities contracts traded on Futures Exchange. Its Data and Connectivity segment offers various services that provides access to the platform and infrastructure, as well as services of BayConnect Technology Company Limited; network, terminal user, data line and software sublicense, and hosting services; and sells market data relating to the Hong Kong cash and derivatives markets. The company serves issuers and investors. Hong Kong Exchanges and Clearing Limited was incorporated in 1999 and is based in Central, Hong Kong.",526848163840.0,220616491008.0,27.973154,26.33749,9.5629225,1.95,0.62568,0.77203006,0.96533996,0.34995997,0.02987,0.19,0.27,1219000064.0,2.186,1.048,0.786,3.17,0.84139997,2.66,0.933,360.0,466.0
3690.HK,2026-08-10T21:03:23.031462+00:00,MEITUAN-W,Meituan,3690.HK,HKG,HKD,Consumer Cyclical,Internet Retail,China,"Meituan operates as a technology driven retail company in the People's Republic of China, Hong Kong, Macao, Taiwan, and internationally. It operates through Core Local Commerce and New Initiatives segments. The company offers daily goods and services, such as food delivery, in-store, hotel and travel booking, and other services and sales; bike sharing, e-moped sharing, power banks and micro-credit; and operates Kuailv and Xiaoxiang Supermarkets. It also sells goods from B2B food distribution services; provides online marketing services to merchants; e-commerce; multimedia information technology; online retail platform; cloud computing; and merchant information advisory services. The company was formerly known as Meituan Dianping and changed its name to Meituan in October 2020. Meituan was founded in 2003 and is headquartered in Beijing, China.",579535896576.0,505977700352.0,,19.843992,3.267064,28.72,-0.10885,-0.07538,0.2838,-0.24094,-0.08501001,0.056,,112803880960.0,75.262,1.997,1.558,,0.0,,0.232,63.65,127.0
AZN.L,2026-08-10T21:03:23.031462+00:00,ASTRAZENECA PLC ORD SHS $0.25,AstraZeneca PLC,AZN.L,LSE,GBp,Healthcare,Drug Manufacturers - General,United Kingdom,"AstraZeneca PLC, a biopharmaceutical company, focuses on the discovery, development, manufacture, and commercialization of prescription medicines. The company offers Imjudo, Datroway, Iressa, Tagrisso, Imfinzi, Lynparza, Calquence, Enhertu, Orpathys, Truqap, Zoladex, Faslodex, Crestor, Andexxa, Onglyza, Symlin, XIGDUO XR, Atacand, Atacand HCT, Atacand Plus, Farxiga/Forxiga, Plendil, Modip, Splendil, Munobal, Flodil, Tenormin, Tenormine, Prenormine, Atenol, Zestril, Brilinta/Brilique, Komboglyze, Qtern, Wainua, Byetta, Lokelma, Seloken ZOK, Toprol-XL, Betaloc ZOK, XIGDUO, Accolate, Accoleit, Vanticon, Bricanyl Respules, Eklira Genuair/Tudorza/Bretaris, Pulmicort Turbuhaler, Symbicort Turbuhaler, Airsupra, Bricanyl Turbuhaler, Fasenra, Rhinocort, Tezspire, Bevespi Aerosphere, Daliresp/Daxas, Oxis Turbuhaler, Saphnelo, Breztri Aerosphere, Duaklir Genuair, Pulmicort Respules, and Symbicort pMDI. It also provides Beyfortus, Kavigale, Evusheld, Fluenz/FluMist, Synagis, Kanuma, Ultomiris, Koselugo, Voydeya, Soliris, Strensiq, Nexium, and other medicines. The company offers its products for ocology, cardiovascular, renal and metabolism, respiratory & immunology, vaccines and immune, and therapies rare diseases. It serves primary and specialty care physicians through distributors and local representative offices in the United Kingdom, the Americas, rest of Europe, Asia, Africa, and Australasia. It has a strategic agreement with Tempus and Pathos to develop the largest multimodal foundation model in oncology; CSPC Pharmaceutical Group Limited to advance the discovery and development of novel oral candidates, with the potential to treat diseases across multiple indications; and Nucs AI Inc. to develop AI-driven Response Prediction for Therapeutic Radioconjugates. The company was formerly known as Zeneca Group PLC and changed its name to AstraZeneca PLC in April 1999. AstraZeneca PLC was incorporated in 1992 and is headquartered in Cambridge, the United Kingdom.",185951223808.0,211963953152.0,24.173388,14.141833,4.987976,1.38,0.17021999,0.23459,0.8169,0.21965,0.080170006,0.064,0.025,32349999104.0,64.225,0.886,0.664,2.01,0.4741,2.07,0.211,9892.0,15732.0
SHEL.L,2026-08-10T21:03:23.031462+00:00,SHELL PLC ORD EUR0.07,Shell plc,SHEL.L,LSE,GBp,Energy,Oil & Gas Integrated,United Kingdom,"Shell plc operates as an energy and petrochemical company in Europe, Asia, Oceania, Africa, the United States, and other parts of the Americas. It operates through the following segments: Integrated Gas, Upstream, Marketing, Chemicals and Products, and Renewables and Energy Solutions. The company explores for and extracts natural gas to produce liquefied natural gas or convert it into gas-to-liquids (GTL) fuels and other products; explores for and extracts crude oil, natural gas, and natural gas liquids; and operates marketing and transportation of oil, gas, and liquids, supported by the infrastructure required to deliver them to market or to process them within Shell's chemical manufacturing plants and refineries. It is also involved in marketing, which includes mobility, lubricants, and sectors focused on decarbonization; operates a retail network, including electric vehicle charging, convenience retail, and the wholesale commercial fuels business for transport and industry; sells products for road transport and machinery in manufacturing, mining, power generation, agriculture, and construction; and provides low-carbon energy solutions, such as biofuels, to a broad range of commercial customers, including those in the aviation, marine, and agriculture sectors. In addition, the company offers chemicals and products, including chemicals manufacturing plants with their own marketing network, and refineries that turn crude oil and other feedstocks into a range of oil products, which are moved and marketed around the world for domestic, industrial, and transport use; and operates a pipeline business, trading, and optimization of crude oil, oil products, and petrochemicals. The company was formerly known as Royal Dutch Shell plc and changed its name to Shell plc in January 2022. Shell plc was founded in 1897 and is headquartered in London, United Kingdom.",182289268736.0,225284161536.0,9.815476,9.520879,1.438832,1.32,0.08756,0.16691,0.26093,0.14341,0.06395,0.447,2.2,73075998720.0,40.2,1.435,0.985,3.59,0.32819998,3.71,-0.218,2553.772,3758.5
HSBA.L,2026-08-10T21:03:23.031462+00:00,HSBC HOLDINGS PLC ORD $0.50 (UK,HSBC Holdings plc,HSBA.L,LSE,GBp,Financial Services,Banks - Diversified,United Kingdom,"HSBC Holdings plc engages in the provision of banking and financial products and services worldwide. It operates through four segments: Hong Kong, UK, Corporate and Institutional Banking, and International Wealth and Premier Banking. The Hong Kong segment is involved in the retail banking and wealth and commercial banking of HSBC Hong Kong and Hang Seng Bank. The UK segment engages in UK retail banking and wealth, as well as first direct and M&S Bank, UK Commercial Banking, and HSBC Innovation Bank. The Corporate and Institutional Banking segment is involved in transaction banking and capital markets. The International Wealth and Premier Banking segment is involved in the business comprising premier banking outside of Hong Kong and the UK, its private bank, asset management, and insurance businesses. The company was founded in 1865 and is headquartered in London, the United Kingdom.",261743460352.0,-119204110336.0,14.676924,10.84886,2.014569,1.01,0.37797,0.58768004,0.0,0.13104999,0.00782,0.254,,837577998336.0,,,,3.64,0.52639997,5.06,0.577,928.1,1610.0
ULVR.L,2026-08-10T21:03:23.031462+00:00,UNILEVER PLC ORD 3.5P,Unilever PLC,ULVR.L,LSE,GBp,Consumer Defensive,Household & Personal Products,United Kingdom,"Unilever PLC operates as a fast-moving consumer goods company in the Asia Pacific, Africa, the Americas, and Europe. It operates through four segments: Beauty & Wellbeing, Personal Care, Home Care, and Foods. The Beauty & Wellbeing segment offers hair care, such as shampoo, conditioner, and styling; face, hand, and body moisturizer skin care products; and Prestige Beauty and Wellbeing products. The Personal Care segment provides soap and shower skin cleansing products; and deodorant and oral care, including toothpaste, toothbrush, and mouthwash products. The Home Care segment offers washing powders and liquids, and rinse conditioner fabric care products; and a range of home and hygiene cleaning products. The Foods segment provides cooking aids and mini meals comprising soups, bouillons, and seasonings, as well as mayonnaise and ketchup condiments; and Unilever food solutions. The company provides its products under the AXE, Clear, Cif, Closeup, Comfort, Dermalogica, Domestos, Dove, Dove Men+Care, Hellmann's, Horlicks, Knorr, LUX, Lifebuoy, Liquid I.V., Nexxus, Nutrafol, OMO, Pond's, Paula's Choice, Pepsodent, Radiant, Rexona, Sunlight, Sunsilk, Surf, TRESemmé, and Vaseline brand names. Unilever PLC was founded in 1860 and is headquartered in London, the United Kingdom.",99896156160.0,128839106560.0,20.887386,15.720348,7.1959934,11.52,0.18319,0.20345,0.47068,0.31869,0.08287,0.005,-0.056,32110000128.0,175.397,0.74,0.568,3.53,0.7896,3.58,0.454,3644.0,5542.11
BP.L,2026-08-10T21:03:23.031462+00:00,BP PLC $0.25,BP p.l.c.,BP.L,LSE,GBp,Energy,Oil & Gas Integrated,United Kingdom,"BP p.l.c., an integrated energy company, engages in the oil and gas business worldwide. The company operates through Gas & Low Carbon Energy, Oil Production & Operations, and Customers & Products segments. It engages in the production of natural gas, marketing, and trading activities, as well as solar, wind, and hydrogen businesses. The company also offers aviation fuel products and services, such as jet fuel; aviation gasoline; UL91 aviation fuel; and sustainable aviation fuel. In addition, it engages in the convenience and retail fuel; EV charging; Castrol lubricants and fluids; B2B; midstream; crude oil production; refining and oil trading; and bioenergy businesses. The company was founded in 1908 and is headquartered in London, the United Kingdom.",81061470208.0,133740986368.0,20.176924,10.238208,1.8772011,0.04,0.02549,0.13149999,0.28304002,0.08868,0.05037,0.482,1.389,72692998144.0,95.123,1.272,0.765,4.85,0.95559996,4.83,-0.212,399.35,609.4
GSK.L,2026-08-10T21:03:23.031462+00:00,GSK PLC ORD 31 1/4P,GSK plc,GSK.L,LSE,GBp,Healthcare,Drug Manufacturers - General,United Kingdom,"GSK plc, together with its subsidiaries, engages in the research, development, and manufacture of vaccines, specialty medicines, and general medicines to prevent and treat disease in the United Kingdom, the United States, and internationally. It operates through Commercial Operations and Total R&D segments. The company offers specialty medicines that include oncology, respiratory/immunology, inflammation, and inhaled medicines for HIV, respiratory eosinophildriven diseases, lupus and lupus nephritis, ovarian cancer, and endometrial cancer. It also provides vaccines for Shingles, Meningitis, RSV, Seasonal Influenza, Hepatitis, Diphtheria, Tetanus, Acellular Pertussis, Rotavirus, Pertussis, Polio, Haemophilus, Invasive Diseases, Pneumonia, Acute Otitis Media, Measles, Mumps, Rubella and Chickenpox, and Human Papilloma Virus. Additionally, the company offers general medicines for asthma, COPD, bacterial infection, benign prostatic hyperplasia, allergic rhinitis, and inflammatory skin conditions. It also focuses on the discovery, development, and commercialization of oral small molecule therapies for patients with unmet needs in oncology and inflammatory diseases. It has a collaboration agreement with CureVac to develop mRNA vaccines for infectious diseases; and strategic research collaboration with Engitix Ltd. to identify and validate novel therapeutic targets driving liver fibrosis regression. The company has a strategic alliance with AN2 Therapeutics, Inc. for the development of new therapies for TB. GSK plc was formerly known as GlaxoSmithKline plc and changed its name to GSK plc in May 2022. The company was founded in 1715 and is headquartered in London, United Kingdom.",77208158208.0,93276233728.0,16.334745,9.989583,4.3767033,106.66,0.1452,0.30943,0.73493,0.33383,0.10007,0.053,-0.695,18293000192.0,106.497,0.815,0.519,3.47,0.56880003,4.3,0.295,1288.605,2282.0
RIO.L,2026-08-10T21:03:23.031462+00:00,RIO TINTO PLC ORD 10P,Rio Tinto Group,RIO.L,LSE,GBp,Basic Materials,Other Industrial Metals & Mining,United Kingdom,"Rio Tinto Group engages in exploring, mining, and processing mineral resources worldwide. The company operates through Iron Ore; Aluminium and lithium; and  Copper segments. The Iron Ore segment engages in the iron ore mining, and salt and gypsum production in Western Australia. The Aluminum and lithium segment is involved in bauxite mining; alumina refining; and aluminium smelting, and recycling, as well as mining and processing of lithium. The Copper segment engages in mining and refining of copper, gold, silver, molybdenum, and other by-products and exploration activities. It also owns and operates open pit and underground mines; and refineries, smelters, processing plants and power, and shipping facilities. The company was founded in 1873 and is headquartered in London, the United Kingdom.",122180452352.0,141974224896.0,13.679418,12.209336,2.5142758,5.63,0.19584998,0.28049,0.29751,0.19312,0.08106,0.155,0.469,22851999744.0,31.872,1.424,0.926,4.66,0.5488,7.43,0.658,4436.5,9117.0
LSEG.L,2026-08-10T21:03:23.031462+00:00,LONDON STOCK EXCHANGE GROUP PLC,London Stock Exchange Group plc,LSEG.L,LSE,GBp,Financial Services,Financial Data & Stock Exchanges,United Kingdom,"London Stock Exchange Group plc provides financial markets infrastructure and data products in the United Kingdom, the United States, Europe, Asia, and internationally. The company operates through four segments: Data & Analytics, FTSE Russell, Risk Intelligence, and Markets. It offers data, analytics, and AI tools through an open and interoperable architecture; real-time data and news, text, reference, and legal entity information; and cross-asset models and analytics solutions, such as Yield Book fixed income, Lipper fund performance, private credit analytics, and StarMine sentiment analysis. The company also provides index and benchmark solutions; risk intelligence solutions to meet Know Your Customer and Know Your Third Party obligations, perform due diligence, and mitigate identity and payment fraud risks; World-Check Verify, a cloud-native screening API; and World-Check On Demand for continuously updated sanctions, politically exposed persons, adverse media, and enforcement data. In addition, it offers access to various liquidity pools in multiple asset classes comprising equities, fixed income, exchange-traded funds and products, and foreign exchange; capital formation and execution venues consisting of London Stock Exchange, AIM, Turquoise, FXall, FX Matching, and Tradeweb; and clearing and capital optimization solutions for interest rate swap, foreign exchange, and credit default swap OTC derivatives. Further, the company provides securities clearing, capital optimization, and regulatory reporting solutions; software licenses; network connections; hosting services; clearing, settlement, and other post trade services; and events and media services. London Stock Exchange Group plc was founded in 1698 and is based in London, the United Kingdom.",42982428672.0,56007401472.0,31.791367,16.196068,2.3485332,0.91,0.14639,0.28987,0.88746,0.07694,0.00191,0.067,0.337,13546999808.0,64.292,1.001,0.008,1.77,0.5394,1.28,0.393,6684.0,10140.0
SAP.DE,2026-08-10T21:03:23.031462+00:00,SAP SE                        I,SAP SE,SAP.DE,GER,EUR,Technology,Software - Application,Germany,"SAP SE, together with its subsidiaries, provides enterprise application and business solutions worldwide. It offers SAP Business AI; SAP S/4HANA that provides software capabilities for finance, risk and project management, procurement, manufacturing, supply chain and asset management, and research and development; SAP SuccessFactors solutions for human resources, including HR, time, payroll, talent and employee experience management, and analytics and planning; and spend management solutions that covers direct and indirect spend, travel and expense, and external workforce management. The company also provides SAP customer experience solutions; SAP Business Technology platform that enables customers and partners to build, integrate, and automate applications; and SAP Business Network, a business-to-business collaboration platform that helps digitalize key business processes across the supply chain and enables communication between trading partners. In addition, it offers SAP Signavio to help customers to discover, analyze, and understand business process operations; industry solutions that provide customers and partners with industry-specific solutions; and SAP LeanIX to visualize enterprise architecture, assess interdependencies and the potential impact of IT modernization, and manage the transition toward the target landscape. Further, the company provides WalkMe to execute workflows; SAP Enable Now, which offers e-learning content embedded in SAP workflows; Taulia solutions for working capital management; and sustainability solutions and services. Additionally, it provides services and support solutions. The company has a strategic collaboration with Fresenius SE & Co. KGaA and Avelios Medical GmbH for the development of a cloud-native, hospital information system that enables digitalization of clinical and administrative processes with AI integration. SAP SE was founded in 1972 and is headquartered in Walldorf, Germany.",206948827136.0,204220432384.0,26.88156,21.343943,4.6253066,1.78,0.20413,0.2762,0.73658997,0.18320999,0.0954,0.094,0.306,9939000320.0,21.966,1.148,0.982,1.4,0.3743,1.46,0.757,127.5,251.7
SIE.DE,2026-08-10T21:03:23.031462+00:00,SIEMENS AG                    N,Siemens Aktiengesellschaft,SIE.DE,GER,EUR,Industrials,Specialty Industrial Machinery,Germany,"Siemens Aktiengesellschaft, a technology company, focuses in the areas of automation and digitalization across the world. It operates through Digital Industries, Smart Infrastructure, Mobility, Siemens Healthineers, and Siemens Financial Services (SFS) segments. The Digital Industries segment provides automation systems and software for factories, numerical control systems, servo motors, drives and inverters, and integrated automation systems for machine tools and production machines; process control systems, machine-to-machine communication products, sensors and radio frequency identification systems; production and product lifecycle management software, and simulation and testing of mechatronic system. The Smart Infrastructure segment offers products, systems, solutions, services, and software to support sustainable transition from fossil and renewable energy sources; sustainable buildings and communities; and buildings, electrification, and electrical products. The Mobility segment provides rail passenger and freight transportation, such as metro systems, trams and light rail, and commuter trains, as well as trains and passenger coaches; locomotives and solutions for automated transportation and leasing; products and solutions for rail automation and electrification; maintenance and digital services; and digital and cloud-based solutions, and related services. The Siemens Healthineers segment develops, manufactures, and sells various diagnostic and therapeutic products and services; and provides clinical consulting and training services. Its financial services segment offers debt and equity investments; leasing, lending, and working capital; structured, equipment, and project financing; and financial advisory services. It has a strategic collaboration with IFS to improve product lifecycle with industrial AI. The company was founded in 1847 and is headquartered in Munich, Germany.",211241779200.0,262471188480.0,27.63972,21.42281,3.1405215,5.35,0.097959995,0.14903,0.39356998,0.12465999,0.03796,0.073,0.128,49924001792.0,66.425,1.444,0.876,1.91,0.5345,2.72,1.285,198.0,291.5
DTE.DE,2026-08-10T21:03:23.031462+00:00,DEUTSCHE TELEKOM AG           N,Deutsche Telekom AG,DTE.DE,GER,EUR,Communication Services,Telecom Services,Germany,"Deutsche Telekom AG, together with its subsidiaries, provides integrated telecommunication services worldwide. It operates through Germany, United States, Europe, Systems Solutions, and Group Development segments. The company offers fixed-network services, including voice and data communication services based on fixed-network and broadband technology; and sells terminal equipment and other hardware products, as well as services to resellers. It also provides mobile voice and data services to consumers and business customers; sells mobile devices and other hardware products; and sells mobile services to resellers and to companies that buys and markets network services to third parties, such as mobile virtual network operators. In addition, the company offers internet services; internet-based TV products and services; and information and communication technology systems for multinational corporations and public sector institutions with an infrastructure of data centers and network services. Further, it provides wireless communications services; and cloud services, digital solutions, and security and advisory solutions. The company has mobile and broadband customers, as well as fixed-network lines. Deutsche Telekom AG was founded in 1995 and is headquartered in Bonn, Germany.",134391357440.0,309722546176.0,15.786517,11.051767,2.245485,1.13,0.07013,0.23536,0.44887,0.15063,0.05677,0.043,-0.05,146755993600.0,165.297,1.033,0.682,3.44,0.5618,3.21,0.32,23.53,34.36
ALV.DE,2026-08-10T21:03:23.031462+00:00,Allianz SE                    v,Allianz SE,ALV.DE,GER,EUR,Financial Services,Insurance - Diversified,Germany,"Allianz SE, together with its subsidiaries, provides property-casualty insurance, life/health insurance, and asset management products and services worldwide. The company's Property-Casualty segment offers various insurance products, including motor liability, accident, fire and property, general liability, credit, and travel, and assistance services to private and corporate customers. Its Life/Health segment provides a range of life and health insurance products on an individual and a group basis, such as annuities, endowment and term insurance, and unit-linked and investment-oriented products, as well as private and supplemental health, and long-term care insurance products. The company's Asset Management segment offers institutional and retail asset management products and services to third-party investors comprising equity and fixed income funds, cash, and multi-assets; and alternative investment products that include real estate, infrastructure debt/equity, real assets, liquid alternatives, and solutions business. In addition, it provides banking services for retail clients; and digital investment services. Allianz SE was founded in 1890 and is headquartered in Munich, Germany.",166013599744.0,65215401984.0,14.142165,13.076602,2.5191803,3.23,0.098780006,0.13683,0.25009,0.19612,0.01228,0.121,-0.08,33706000384.0,50.648,1.514,1.066,3.94,0.49740002,4.8,0.668,338.8,443.9
MBG.DE,2026-08-10T21:03:23.031462+00:00,Mercedes-Benz Group AG        N,Mercedes-Benz Group AG,MBG.DE,GER,EUR,Consumer Cyclical,Auto Manufacturers,Germany,"Mercedes-Benz Group AG operates as an automotive company in Europe, Germany, North America, the United States, Asia, China, and internationally. It operates through Mercedes-Benz Cars, Mercedes-Benz Vans, and Mercedes-Benz Financial Services segments. The company develops, manufactures, and sells cars and vans under the Mercedes-Benz, Mercedes-AMG, Mercedes-Maybach, G-Class brands, as well as related spare parts and accessories. It also provides financing, leasing, vehicle subscription and rental, fleet management, insurance, and digital services related to charging electric vehicles. The company was formerly known as Daimler AG and changed its name to Mercedes-Benz Group AG in February 2022. Mercedes-Benz Group AG was founded in 1886 and is headquartered in Stuttgart, Germany.",45075890176.0,130224087040.0,8.917613,6.6821923,0.47451803,0.59,0.03885,0.06163,0.16198999,0.055960003,0.018660001,-0.033,0.2,102230999040.0,110.208,1.321,0.772,7.43,0.66290003,7.01,0.678,42.625,62.34
BMW.DE,2026-08-10T21:03:23.031462+00:00,BAYERISCHE MOTOREN WERKE AG   S,Bayerische Motoren Werke Aktiengesellschaft,BMW.DE,GER,EUR,Consumer Cyclical,Auto Manufacturers,Germany,"Bayerische Motoren Werke Aktiengesellschaft develops, manufactures, and sells automobiles and motorcycles, spare parts, and accessories worldwide. It operates through Automotive, Motorcycles, and Financial Services segments. The company offers automobiles under the BMW, MINI, and Rolls-Royce brands. It also develops, manufactures, and sells scooters, and motorcycles for private use and special-purpose vehicles for operational use under the BMW Motorrad brand. In addition, the company provides car rentals; credit financing; leasing that include insurance and service products; financing for dealership and customer deposits; vehicle fleet financing services for corporate car fleets under the Alphabet brand; and financial services for the automotive sector. It sells its products through retail outlet, agent, and independent dealerships. Bayerische Motoren Werke Aktiengesellschaft was founded in 1916 and is headquartered in Munich, Germany.",35382906880.0,139039784960.0,5.707411,6.2800765,0.37245235,0.79,0.04923,0.05154,0.12408,0.06592,0.01832,-0.079,-0.279,116789002240.0,119.855,1.148,0.729,7.36,0.42349997,6.29,0.765,56.4,97.92
BAS.DE,2026-08-10T21:03:23.031462+00:00,BASF SE                       N,BASF SE,BAS.DE,GER,EUR,Basic Materials,Chemicals,Germany,"BASF SE operates as a chemical company worldwide. It operates through six segments: Chemicals, Materials, Industrial Solutions, Surface Technologies, Nutrition & Care, and Agricultural Solutions. The Chemicals segment provides petrochemicals and intermediates. The Materials segment offers advanced materials and their precursors for applications and systems comprising isocyanates, polyamides, and inorganic basic products, as well as specialties for the plastics and plastics processing industries. The Industrial Solutions segment develops and markets ingredients and additives for industrial applications, such as polymer dispersions, resins, additives, chemical and refining catalysts, electronic materials, and antioxidants for automotive, petrochemical and petroleum processing, plastics and electronics, construction, electronics, paper coatings, and energy and resources industries. The Surface Technologies segment provides catalysts, battery materials, automotive OEM and refinish coatings, surface treatment, and precious and base metal services for the automotive and chemical industries. The Nutrition & Care segment offers ingredients for consumer applications in the areas of nutrition, home, and personal care applications; and serves the food and feed producers, pharmaceutical, cosmetics, detergents, and cleaner industries, as well as the consumer goods sector. The Agricultural Solutions segment provides seeds and traits, and seed treatment products; fungicides, herbicides, insecticides, and biological crop protection products; and digital solutions. The company engages in engineering and other; rental and leasing; and renewable energy trading, commodity trading activities. BASF SE was founded in 1865 and is headquartered in Ludwigshafen am Rhein, Germany.",45657714688.0,64534962176.0,21.693277,17.523376,1.2327492,0.76,0.094239995,0.05184,0.23552,0.061160002,0.02329,0.164,52.989,26684999680.0,71.358,1.855,1.192,4.37,0.9467,6.54,0.745,41.48,55.05
IFX.DE,2026-08-10T21:03:23.031462+00:00,INFINEON TECHNOLOGIES AG      N,Infineon Technologies AG,IFX.DE,GER,EUR,Technology,Semiconductors,Germany,"Infineon Technologies AG develops, manufactures, and markets semiconductors and semiconductor-based solutions in Germany, Europe, the Middle East, Africa, Mainland China, Hong Kong, Taiwan, the Asia-Pacific, Japan, the United States, and the Americas. The Automotive segment offers automotive and industrial microcontrollers; analog and memory ICs; ethernet; power diodes and modules; power switches; sensors; transceivers; and voltage regulators for assistance and safety systems, comfort electronics, infotainment, powertrain, and security applications. Its Green Industrial Power segment provides discrete and bare die IGBTs; IGBT modules; and SiC discretes and modules for air conditioning technology, energy generation and storage, energy transmission, home appliances, industrial drives, industrial power supplies and vehicles, and traction applications. The Power & Sensor Systems segment offers 3D ToF sensors; chips for gas and pressure sensors, and MEMS microphones; control ICs; customized chips; discrete low-, mid-, and high-voltage power MOSFETs; ESD protection diodes; GaN power switches; GPS low-noise amplifiers; low- and high-voltage driver ICs; radar sensor ICs; RF antenna switches and power transistors; SiC diode and MOSFETs; and USB controllers for audio amplifiers, automotive electronics, BLDC motors, cellular communications infrastructure, charging stations for electric vehicles, human machine interaction, IoT, LED and conventional lighting systems, microinverters, mobile devices, power management, and harsh environment applications. Its Connected Secure Systems segment provides connectivity solutions, embedded security controllers, microcontrollers, and security controllers for authentication, automotive, consumer electronics, government identification document, IoT, mobile communication, payment system, ticketing, access control, and trusted computing applications. The company was founded in 1952 and is headquartered in Neubiberg, Germany.",81257709568.0,86537322496.0,76.256096,22.63595,4.6796885,0.55,0.07774,0.14238,0.41132998,0.07019,0.05333,0.126,0.396,7240999936.0,40.183,1.728,0.74,0.56,0.4268,0.93,1.945,30.82,88.83
MC.PA,2026-08-10T21:03:23.031462+00:00,LVMH,"LVMH Moët Hennessy - Louis Vuitton, Société Européenne",MC.PA,PAR,EUR,Consumer Cyclical,Luxury Goods,France,"LVMH Moët Hennessy - Louis Vuitton, Société Européenne, together with its subsidiaries, operates as a luxury goods company worldwide. It offers wine and spirit products under the Ao Yun, Ardbeg, Armand de Brignac, Belvedere, Bodega Numanthia, Chandon, Cheval des Andes, Château Cheval Blanc, Château Galoupet, Château d'Yquem, Château d'Esclans, Cloudy Bay, Colgin Cellars, Dom Pérignon, Domaine des Lambrays, Eminente, Glenmorangie, Hennessy, Joseph Phelps, Krug, Mercier, Minuty, Moët & Chandon, Newton Vineyard, Ruinart, SirDavis, Terrazas de los Andes, Veuve Clicquot, Volcan de mi Tierra, and Woodinville brands; fashion and leather products under Barton Perreira,Berluti, Celine, Christian Dior, Fendi, Givenchy, Kenzo, Loewe, Loro Piana, Louis Vuitton, Marc Jacobs, Moynat, Patou, Pucci, Rimowa, and Vuarnet brands; and perfumes and cosmetics products under the Acqua di Parma, Benefit Cosmetics, Fenty Beauty by Rihanna, Fresh, Givenchy Parfums, Guerlain, Kenzo Parfums, Loewe Perfumes, Maison Francis Kurkdjian, Make Up For Ever, OLEHENRIKSEN, Officine Universelle Buly, and Parfums Christian Dior brands. The company also provides watches and jewelry under the Bvlgari, Chaumet, DANIEL ROTH, Fred, Gérald Genta, Hublot, L'Epée 1839, Repossi, TAG Heuer, Tiffany & Co., and Zenith brands; and selective retailing under the 24S, DFS, La Grande Épicerie de Paris, Le Bon Marché Rive Gauche, Samaritaine, and Sephora brands. In addition, it offers french business and cultural publications under the Les Echos group brand; custom-designed yachts under the Feadship brand; hotels under the Cheval Blanc and Belmond brands; and other activities under the Connaissance des Arts, Cova, Investir, Jardin d'Acclimatation, Le Parisien, Paris Match, and Radio Classique brands. LVMH Moët Hennessy - Louis Vuitton, Société Européenne was founded in 1365 and is headquartered in Paris, France.",237895729152.0,263223623680.0,21.989517,18.861145,3.4935844,1.87,0.13658,0.22521,0.66365,0.16586,0.07667,-0.029,0.008,37150998528.0,53.306,1.631,0.661,2.71,0.5925,1.83,0.842,440.0,654.7
OR.PA,2026-08-10T21:03:23.031462+00:00,L'OREAL,L'Oréal S.A.,OR.PA,PAR,EUR,Consumer Defensive,Household & Personal Products,France,"L'Oréal S.A., through its subsidiaries, manufactures and sells cosmetic products for women and men in Europe, North America, North Asia, South Asia Pacific, the Middle East, North Africa, Sub-Saharan Africa, and Latin America. It operates through four divisions: Professional Products, Consumer Products, Luxe, and Dermatological Beauty. The company offers skincare, make-up, hair colourant, haircare, perfume, and hygiene products. It provides its products under the L'Oréal Paris, Garnier, Maybelline New York, NYX Professional Makeup, Stylenanda, Essie, Dark & Lovely, Mixa, Niely, L'Oréal Professionnel, Kérastase, Redken, Matrix, Pureology, Lancôme, Yves Saint Laurent Beauté, Armani Beauty, Kiehl's, Helena Rubinstein, Aesop, Biotherm, Valentino, Prada, Shu Uemura, IT Cosmetics, Mugler, Ralph Lauren, Urban Decay, Azzaro, Maison Margiela, Viktor&Rolf, Takami, La RochePosay, CeraVe, Vichy, SkinCeuticals, Skinbetter Science, and other brand names. The company sells its products through distribution channels, such as hair salons, local stores, e-commerce, travel retail, mass market retail, department store perfumeries, pharmacies, drug stores, medi-spas, and free-standing stores. L'Oréal S.A. was founded in 1909 and is headquartered in Clichy, France.",206837088256.0,218160267264.0,33.007645,26.033953,6.1120462,2.56,0.13904001,0.21294,0.74380994,0.19409001,0.09514,0.058,0.054,16712599552.0,49.316,0.969,0.582,1.87,0.6112,1.55,0.892,338.85,408.35
RMS.PA,2026-08-10T21:03:23.031462+00:00,HERMES INTL,Hermès International Société en commandite par actions,RMS.PA,PAR,EUR,Consumer Cyclical,Luxury Goods,France,"Hermès International Société en commandite par actions engages in the production, wholesale, and retail of various goods. The company offers leather goods and saddlery, such as bags for men and women, travel articles, small leather goods and accessories, saddles, bridles, and various equestrian products and clothing; ready-to-wear garments for men and women; and accessories, including jewelry, belts, hats, gloves, internet of things products, and shoes. It also provides silk and textiles for men and women; art of living and tableware products; beauty and perfume products; and watches. In addition, the company is involved in weaving, engraving, printing, dyeing, finishing, and producing textiles; purchasing, tanning, dyeing, finishing, and selling tanneries and precious leathers; and creating and producing of metal parts. It sells its products through a network of stores in France, rest of Europe, Japan, the Asia Pacific, the Americas, and the Middle East, as well as sells watches, perfumes, and tableware through a network of specialized stores. The company was founded in 1837 and is headquartered in Paris, France. Hermès International Société en commandite par actions is a subsidiary of H51 SAS.",172244615168.0,161277411328.0,38.235294,32.13993,9.054719,3.73,0.27996,0.42238998,0.71341,0.25452,0.18089001,0.016,-0.003,2280000000.0,11.984,4.537,3.632,1.1,0.4186,0.66,1.0,1465.5,2300.0
TTE.PA,2026-08-10T21:03:23.031462+00:00,TOTALENERGIES,TotalEnergies SE,TTE.PA,PAR,EUR,Energy,Oil & Gas Integrated,France,"TotalEnergies SE, an integrated energy company, produces and markets oil and biofuels, natural gas, biogas and low-carbon hydrogen, renewables, and electricity in France, the United States, Europe, Brazil, India, and internationally. Its Exploration & Production segment engages in the activities of exploration and production of oil and natural gas, as well as carbon storage. The company's Integrated LNG segment is involved in the upstream and midstream LNG activities, as well as biogas and synthetic methane activities, as well as gas trading. Its Integrated Power segment engages in the generation, storage, electricity trading, and B2B-B2C distribution of gas and electricity. The company's Refining & Chemicals segment is involved in the industrial hub activities comprising the activities of refining, petrochemicals and specialty chemicals. This segment also includes the activities of oil supply, trading and marine shipping, as well as hydrogen activities. Its Marketing & Services segment engages in the marketing activities in the field of petroleum products as well as corresponding supply and logistics activities. The company was formerly known as TOTAL SE and changed its name to TotalEnergies SE in June 2021. TotalEnergies SE was incorporated in 1924 and is headquartered in Courbevoie, France.",167610826752.0,198535135232.0,10.900434,8.942987,1.496333,0.7,0.09083,0.12788999,0.37682,0.14479999,0.05513,0.278,1.06,62917001216.0,48.045,1.061,0.533,4.86,0.49310002,5.26,0.062,49.24,81.34
SAN.PA,2026-08-10T21:03:23.031462+00:00,SANOFI,Sanofi,SAN.PA,PAR,EUR,Healthcare,Drug Manufacturers - General,France,"Sanofi engages in the research, development, manufacture, and marketing of therapeutic solutions. It provides immunology and inflammation, rare diseases neurology, oncology, and other vaccines. It also offers poliomyelitis, pertussis, and haemophilus influenzae type b (Hib) pediatric vaccines; respiratory syncytial virus protection and hexavalent combination vaccines that includes hepatitis A, typhoid, yellow fever, and rabies vaccines. It has a collaboration and license agreement with Exscientia to develop up to 15 novel small-molecule for oncology and immunology; ABL Bio, Inc. to develop ABL301 for treatment of alpha-synucleinopathies; and Innate Pharma SA for cell engager program targeting B7-H3. Further, it has a collaboration agreements with Atomwise to use ATOMNET platform and Insilico Medicine to use Pharma.AI, a medicine's AI platform; Kymera Therapeutics, Inc. to develop and commercialize protein degrader therapies targeting IRAK4 in patients with immune-inflammatory diseases; Nurix Therapeutics, Inc. to develop protein degradation therapies; Denali Therapeutics Inc. to treat systemic inflammatory diseases, such as ulcerative colitis; and Adagene Inc. for development of antibody-based therapies. Additionally, it has a collaboration with Scribe Therapeutics Inc. to develop genome editing technologies; Teva Pharmaceuticals to co-develop and co-commercialize TEV'574, for treatment of ulcerative colitis and Crohn's disease; and co-promotion service agreement with Provention Bio, Inc. for the commercialization of teplizumab. The company was formerly known as Sanofi-Aventis and changed its name to Sanofi in May 2011. Sanofi was incorporated in 1994 and is headquartered in Paris, France.",90490126336.0,107812577280.0,23.311728,8.358778,1.3075391,28.56,0.08091,0.21033001,0.73452,0.05709,0.05093,0.146,-0.912,23576000512.0,33.89,0.987,0.487,5.47,1.2716,4.04,0.277,71.25,91.15
AIR.PA,2026-08-10T21:03:23.031462+00:00,AIRBUS SE,Airbus SE,AIR.PA,PAR,EUR,Industrials,Aerospace & Defense,Netherlands,"Airbus SE, together with its subsidiaries, engages in the design, manufacture, and delivery of aeronautics and aerospace products, services, and solutions worldwide. It operates through three segments: Airbus, Airbus Helicopters, and Airbus Defence and Space. The Airbus segment develops, manufactures, markets, and sells commercial jet passenger aircraft, freighter aircraft, regional turboprop aircraft, and aircraft components, as well as provides aircraft conversion and related services. The Airbus Helicopters segment develops, manufactures, markets, and sells civil and military helicopters; and provides uncrewed aerial systems and their related services. The Airbus Defence and Space segment designs, develops, delivers, and supports crewed and uncrewed military air systems and related services. This segment also offers civil and defence space systems for telecommunications, earth observations, navigation, and science and orbital systems; and services around data processing from platforms, secure communication, and cyber security. The company was formerly known as Airbus Group SE and changed its name to Airbus SE in April 2017. The company was incorporated in 1998 and is headquartered in Leiden, the Netherlands.",169891282944.0,170295230464.0,28.543882,24.687311,6.5660267,1.85,0.07714,0.113570005,0.16309,0.23193,0.03131,0.277,1.258,14275999744.0,54.988,1.146,0.363,1.5,0.42610002,1.8,0.882,157.42,221.3
SU.PA,2026-08-10T21:03:23.031462+00:00,SCHNEIDER ELECTRIC SE,Schneider Electric S.E.,SU.PA,PAR,EUR,Industrials,Specialty Industrial Machinery,France,"Schneider Electric S.E. engages in the energy management and industrial automation businesses worldwide. The company offers inverters, mounting frames, solar panels, other solar equipment, wind farm microgrid, and others; building management systems; power metering systems for buildings; smart monitoring and regulation of electricity or heat in buildings, such as thermostats and controls for lighting systems; cooling systems; insulating products; UPS; transmission and distribution wiring devices for wiring electrical circuits; low voltage electrical products, equipment, and systems; medium voltage switchgears and control gears; demand response and load shifting equipment, systems, and services; communication, software and control equipment, products, systems, and services for energy; and variable speed drives. It also provides modernization and maintenance services for rail transport infrastructure, zero-emissions road transport, infrastructure required for operating urban transport, low-carbon port and airport infrastructure, and electrification and ports' operations; energy management equipment and projects; service plans related to building management and power metering systems in buildings; software and data-driven solutions for building design, planning, and construction; technical consultations, such as energy audits, simulations, and trainings; energy management services; energy performance contracts; leakage control technologies for water supply systems; real-time network modeling and optimization; leakage calculation, control, and reporting; electrical and electronic equipment; remote monitoring and predictive maintenance systems; lifecycle performance management software; product repairing, refurbishing, or remanufacturing services; spare parts; and software as a service. Schneider Electric S.E. was founded in 1836 and is headquartered in Rueil-Malmaison, France.",169916596224.0,187342880768.0,35.68477,25.087442,6.947797,1.83,0.11270001,0.18199,0.42117,0.18620001,0.074,0.098,0.293,20809000960.0,84.124,1.091,0.807,1.38,0.4951,1.77,1.15,208.8,306.25
BNP.PA,2026-08-10T21:03:23.031462+00:00,BNP PARIBAS ACT.A,BNP Paribas SA,BNP.PA,PAR,EUR,Financial Services,Banks - Regional,France,"BNP Paribas SA provides various banking and financial products and services in Europe, the Middle East, Africa, the Americas, and the Asia Pacific. It operates through three divisions: Corporate & Institutional Banking; Commercial, Personal Banking & Services; and Investment & Protection Services. The Corporate & Institutional Banking division offers capital market, securities, financing, risk management, securities clearing, custody, consulting, transaction banking, cash management, investment banking, and financial advisory services for corporate and institutional clients. Its Commercial, Personal Banking & Services division provides financing and equipment leasing services, lending, investment, financial and non-financial services, mobility, and digital banking services, as well as current accounts, savings products, bancassurance, insurance products and services, and consumer loans. The Investment & Protection Services division provides protection, savings, investment, and real estate services to support individuals, professionals, corporate clients, and institutions, as well as asset management, insurance, protection, pensions, and private banking services. The company was formerly known as Banque Nationale de Paris and changed its name to BNP Paribas SA in May 2000. BNP Paribas SA was founded in 1822 and is headquartered in Paris, France.",123628806144.0,,9.757786,8.590189,1.029385,1.2,0.26490998,0.39335,0.0,0.104770005,0.00477,0.188,0.374,831044976640.0,,,,8.85,0.4464,6.92,1.043,65.12,113.62
PETR4.SA,2026-08-10T21:03:23.031462+00:00,PETROBRAS   PN      N2,Petróleo Brasileiro S.A. - Petrobras,PETR4.SA,SAO,BRL,Energy,Oil & Gas Integrated,Brazil,"Petróleo Brasileiro S.A. - Petrobras explores, produces, and sells oil and gas in Brazil, China, the United States, the Americas, Asia, Europe, Singapore, and internationally. It operates through three segments: Exploration and Production; Refining, Transportation & Marketing; and Gas & Low Carbon Energies. The Exploration and Production segment explores, develops, and produces crude oil, natural gas liquids, and natural gas primarily for supplies to the domestic refineries. Its Refining, Transportation and Marketing segment engages in the refining, logistics, transport, acquisition, and export of crude oil; trading of oil products; and production of fertilizers, as well as holding interests in petrochemical companies. The Gas and Low Carbon Energies segment is involved in the logistic and trading of natural gas and electricity; transportation and trading of liquefied natural gas; generation of electricity through thermoelectric power plants; renewable energy business; low carbon business; and natural gas processing business, as well as production of biodiesel and its co-products. It also engages in prospecting, drilling, refining, processing, trading, and transporting crude oil from producing onshore and offshore oil fields, and shale or other rocks, as well as oil products, natural gas, and other liquid hydrocarbons. In addition, the company engages in research, development, production, transportation, distribution, and trading of energy. Petróleo Brasileiro S.A. - Petrobras was incorporated in 1953 and is headquartered in Rio De Janeiro, Brazil.",577009025024.0,868276305920.0,4.160591,4.371183,1.222605,3.99,0.21599,0.31947002,0.47359002,0.25601,0.08231,0.004,-0.072,371690995712.0,83.269,0.743,0.426,9.25,0.3117,22.25,-0.218,29.31,50.69
VALE3.SA,2026-08-10T21:03:23.031462+00:00,VALE        ON      NM,Vale S.A.,VALE3.SA,SAO,BRL,Basic Materials,Other Industrial Metals & Mining,Brazil,"Vale S.A., together with its subsidiaries, produces iron ore and nickel in Brazil, Asia, the Middle East, North Africa, Europe, the Americas, and Oceania. The company operates in two segments, Iron Ore Solutions and Vale Base Metals. It extracts, produces, and distributes iron ore, iron ore pellets, briquettes, nickel, copper, other ferrous products, and by-products, including gold, silver, cobalt, platinum-group metals, and other base metals, as well as low-carbon critical minerals. The company also operates logistics systems and distribution centers, such as mining complexes, railways, and maritime terminals, ports, and ships; generates energy from hydroelectric, solar, and wind sources; and engages in greenfield mineral exploration. In addition, it is involved in research; and trading activities. The company was formerly known as Companhia Vale do Rio Doce and changed its name to Vale S.A. in May 2009. Vale S.A. was founded in 1942 and is headquartered in Rio De Janeiro, Brazil.",323140059136.0,404051525632.0,29.660156,9.326529,1.6933919,0.34,0.04755,0.21955,0.34924,0.041149996,0.07915,0.064,-0.435,110007001088.0,54.603,1.192,0.681,8.36,1.5505,9.94,0.748,52.86,91.62
ITUB4.SA,2026-08-10T21:03:23.031462+00:00,ITAUUNIBANCOPN  EJ  N1,Itaú Unibanco Holding S.A.,ITUB4.SA,SAO,BRL,Financial Services,Banks - Regional,Brazil,"Itaú Unibanco Holding S.A. provides various financial products and services to personal and corporate customers in Brazil and internationally. It operates through three segments: Retail Business, Wholesale Business and Activities with the Market + Corporation. The company offers current accounts; funds management; payments and collections; loans; credit and debit cards; investment and commercial banking services; real estate lending and financing services; economic, financial and brokerage advisory; and leasing and foreign exchange services. The company also provides non-life insurance products covering loss, damage, or liability for objects or people, as well as life insurance products covering death and personal accidents. It serves retail customers, account and non-account holders, individuals and legal entities, high income clients, microenterprises, and small companies, as well as middle-market companies and high net worth institutional clients. The company was formerly known as Itaú Unibanco Banco Múltiplo S.A. and changed its name to Itaú Unibanco Holding S.A. in April 2009. The company was incorporated in 1924 and is headquartered in São Paulo, Brazil. Itaú Unibanco Holding S.A. is a subsidiary of IUPAR - Itaú Unibanco Participações S.A.",445504061440.0,1091117318144.0,9.62381,7.89558,2.04565,1.37,0.32584,0.39073002,0.0,0.21476,0.01577,0.175,0.081,1115894054912.0,,,,2.19,0.7383,4.38,0.159,34.84466,49.67
BBDC4.SA,2026-08-10T21:03:23.031462+00:00,BRADESCO    PN  EJS N1,Banco Bradesco S.A.,BBDC4.SA,SAO,BRL,Financial Services,Banks - Regional,Brazil,"Banco Bradesco S.A., together with its subsidiaries, provides various banking products and services in Brazil and internationally. The company operates in two segments, Banking and Insurance. It engages in banking operations, including investment, national, international, and private banking, as well as investment fund management, consortium administration, middle market and corporate activities, and leasing. The company also provides retail banking products, such as demand, savings, and time deposits, as well as mutual funds, foreign exchange services, and various loans and advances comprising overdrafts, credit cards, and loans with repayments in installments; and fund management and treasury services, corporate finance, and hedge and finance operations, which include working capital financing. In addition, it provides insurance products, such as life, pension, health, and non-life, as well as related insurance operations, supplemental pension plans, and capitalization bonds. Further, the company offers cards, consortia, service packages and fees, auctions, debt renegotiation, and accounts; and various services comprising related transactions and inquiries, profile and help, purchases and benefits, and permissions. It serves individuals, corporates, and businesses. The company was incorporated in 1943 and is headquartered in Osasco, Brazil.",186792787968.0,742797017088.0,7.844749,5.682476,1.0184966,1.8,0.26071,0.34515,0.0,0.13763,0.010650001,0.072,0.178,838676250624.0,,,,1.32,0.709,5.48,0.233,15.63,22.12
ABEV3.SA,2026-08-10T21:03:23.031462+00:00,AMBEV S/A   ON,Ambev S.A.,ABEV3.SA,SAO,BRL,Consumer Defensive,Beverages - Brewers,Brazil,"Ambev S.A., through its subsidiaries, engages in the production, distribution, and sale of beer, draft beer, soft drinks, malt and food, and other beverages in Brazil, Central America and Caribbean, Latin America South, and Canada. The company offers beer, ready-to-drink cocktails and spritzers, soft drinks, water, teas, and isotonic drinks under the Brahma, Skol, Antarctica, Original, Quilmes, Andes Origen, Patricia, Paceha, Huari, Pilsen, Presidente, Balboa, Guaraná Antarctica, and Beats brands. It sells its products to distributors, supermarkets, and retailers within a broad distribution network. The company was founded in 1853 and is headquartered in São Paulo, Brazil. Ambev S.A. operates as a subsidiary of Interbrew International B.V.",235964186624.0,224391823360.0,14.825244,13.678385,2.671916,2.08,0.18406,0.23743,0.51903,0.184,0.10296,0.003,0.246,2948960000.0,3.317,1.022,0.671,4.72,0.7648,5.26,0.262,11.68,17.04
BBAS3.SA,2026-08-10T21:03:23.031462+00:00,BRASIL      ON      NM,Banco do Brasil S.A.,BBAS3.SA,SAO,BRL,Financial Services,Banks - Regional,Brazil,"Banco do Brasil S.A., together with its subsidiaries, provides banking products and services for individuals, companies, and public sectors in Brazil and internationally. The company operates through Banking, Investments, Fund Management, Insurance (including insurance, private pension funds and capitalization) and Electronic Payments segments. Its Banking segment offers various products and services, including deposits, loans, and other services to retail, wholesale, and public sectors. This segment also engages in the business with micro-entrepreneurs and other activities through banking correspondents. Its Investments segment engages in the structuring and distribution of debt and equity instruments in the primary and secondary markets; and provision of financial services. The company's Fund Management segment is involved in the purchase, sale, and custody of securities and portfolio management; and the structuring, organization, and management of investment funds and clubs. Its Insurance segment provides life, property, and automobile insurance products, as well as private pension and capitalization plans. The company's Electronic Payment segment provides capture, transmission, processing, and financial settlement services for electronic payment transactions. Its Other segment engages in the provision of credit recovery and consortium management services. This segment is also involved in the development, manufacturing, sale, rental, and integration of digital electronic systems, peripherals, programs, inputs, and computing supplies. The company was incorporated in 1808 and is headquartered in Brasília, Brazil.",114348736512.0,913268408320.0,9.022523,4.1962147,0.6154366,0.3,0.20416,0.14602,0.0,0.09224,0.00696,-0.218,-0.544,1122359181312.0,,,,1.19,0.1254,4.53,0.234,18.76,27.81
WEGE3.SA,2026-08-10T21:03:23.031462+00:00,WEG         ON      NM,WEG S.A.,WEGE3.SA,SAO,BRL,Industrials,Electrical Equipment & Parts,Brazil,"WEG S.A. produces and sells capital goods in Brazil and internationally. The company offers electric motors, generators, and transformers; reducers and gearmotors; hydraulic and steam turbines; frequency converters, starters engines and switching devices; control and protection of electrical circuits for industrial automation; sockets and switches; and solutions for electric traction of heavy vehicles, utility and locomotives, and electric propulsion of naval transport. It also provides solutions for generating renewable and distributed energy, in small hydroelectric plants, biomass, wind and solar; solutions for industry; UPSs and alternators for generator sets; substations electrical, conventional and mobile; industrial electronic systems; industrial paints, varnishes, and paints for automotive repainting. WEG S.A. was founded in 1961 and is headquartered in Jaraguá do Sul, Brazil.",199847378944.0,200266907648.0,31.966444,25.779669,10.596218,1.15,0.15584,0.19312,0.33138,0.30791,0.11213,-0.006,-0.021,5834735104.0,28.897,1.588,0.954,0.87,1.232,1.28,-0.054,35.25,54.53
B3SA3.SA,2026-08-10T21:03:23.031462+00:00,B3          ON      NM,"B3 S.A. - Brasil, Bolsa, Balcão",B3SA3.SA,SAO,BRL,Financial Services,Financial Data & Stock Exchanges,Brazil,"B3 S.A. - Brasil, Bolsa, Balcão, a financial market infrastructure company, provides trading services in an exchange and OTC environment. It operates through Markets, Data analytics solutions, Capital Market solutions, and Technology and platform segments. The company organized markets for securities, such as equities, financial contracts, indices, rates, currencies, energy, transportation, commodities, and spot and future settlement transactions. It also provides technological solutions for insurance, reinsurance, pension, and capitalization bond markets; data processing and analytics services, including standardization, quotations, and statistics; supports credit, financing, and leasing transactions in automotive, real estate, energy, and agribusiness sectors; and operates trading systems and clearinghouses. In addition, the company organized an over-the-counter market, and acts as a clearing ang settlement house. The company was formerly known as BM&FBOVESPA S.A. - Bolsa de Valores, Mercadorias e Futuros and changed its name to B3 S.A. - Brasil, Bolsa, Balcão in June 2017. B3 S.A. - Brasil, Bolsa, Balcão was incorporated in 2007 and is headquartered in São Paulo, Brazil.",73325043712.0,75531804672.0,15.945652,11.2474985,4.0269012,1.21,0.46965,0.67303,0.95368,0.26738,0.09244,0.203,0.389,15579192320.0,85.236,2.095,1.859,5.92,0.66120005,3.06,0.11,12.12,20.33
AMXB.MX,2026-08-10T21:03:23.031462+00:00,AMERICA MOVIL SAB DE CV,"América Móvil, S.A.B. de C.V.",AMXB.MX,MEX,MXN,Communication Services,Telecom Services,Mexico,"América Móvil, S.A.B. de C.V. provides telecommunications services in Latin America and internationally. It offers wireless and fixed-line voice services, including airtime, local, domestic, and international long-distance services; and network interconnection services. The company provides data services, such as data centers, data administration, and hosting services to residential and corporate clients; value-added services, including internet access, messaging and other wireless entertainment, and corporate services; data transmission, email services, instant messaging, content streaming, and interactive applications; and wireless security services, mobile payment solutions, machine-to-machine services, mobile banking, virtual private network services, and video calls and personal communications services. In addition, it offers residential broadband services; IT solutions to small businesses and large corporations; and cable and satellite television subscriptions. Further, the company sells equipment, accessories, and computers; and offers software development, call center, entertainment content and news, telephone directories, advertising, cybersecurity services, and corporate IT solutions. Additionally, it provides video, audio, and other media content through the internet directly from the content provider to the end user. It sells its products and services under the Telcel, Telmex Infinitum, and A1 brand names through a network of retailers and service centers to retail customers; and through sales force to corporate customers. The company was incorporated in 2000 and is based in Mexico City, Mexico.",1228656607232.0,1905264951296.0,13.7449665,10.7055855,3.275228,0.9,0.09372,0.21493,0.62778,0.21579,0.06364,0.031,0.081,691326746624.0,157.801,0.714,0.615,2.65,0.3502,1.96,0.265,17.48,24.49
WALMEX.MX,2026-08-10T21:03:23.031462+00:00,WAL-MART DE MEXICO SAB DE CV,"Wal-Mart de México, S.A.B. de C.V.",WALMEX.MX,MEX,MXN,Consumer Defensive,Discount Stores,Mexico,"Wal-Mart de México, S.A.B. de C.V. owns and operates self-service stores in Mexico and Central America. The company operates discount stores under the Bodega Aurrerá, Despensa Familiar, and Palí names; hypermarkets under the Walmart name; supermarkets under the Walmart Express, Paiz, La Despensa de Don Juan, La Unión, and Más x Menos names; and membership self-service wholesale stores under the Sam's Club name. It also offers mobile internet connectivity services, advertising services, and financial services through digital wallet, as well as sells airtime recharges and imports goods for resale. In addition, the company develops and manages real estate properties. The company was founded in 1958 and is headquartered in Mexico City, Mexico. Wal-Mart de México, S.A.B. de C.V. operates as a subsidiary of Intersalt, S. de R.L. de C.V.",833138786304.0,904864727040.0,16.67128,14.681102,3.476943,2.01,0.049039997,0.06782,0.24191,0.21922001,0.09867,0.019,0.0,83098099712.0,34.825,0.964,0.34,4.05,0.58419997,2.45,0.028,46.61,63.97
GMEXICOB.MX,2026-08-10T21:03:23.031462+00:00,GRUPO MEXICO SAB DE CV,"Grupo México, S.A.B. de C.V.",GMEXICOB.MX,MEX,MXN,Basic Materials,Other Industrial Metals & Mining,Mexico,"Grupo México, S.A.B. de C.V. produces copper worldwide. It operates through Mining, Transportation, and Infrastructure divisions. The Mining division is involved in the operation of underground and open pit mines, smelters, refineries, and other plants. This division also provides copper, silver, molybdenum, zinc, sulfuric acid, gold, and selenium products. The Transportation division offers general and intermodal freight services by rail, passenger services, as well as auxiliary management services for terminals and intra-terminal hauls; and ground transportation and warehousing. The Infrastructure division engages in building infrastructure and industrial plants, and ocean and land drilling; provision of engineering services, drilling services for oil and water exploration, and energy production services; construction of infrastructure works, project engineering services; operation and highway conservation; real estate project development, and construction and administration of shopping centers. In addition, it is involved in operation of cycle plants and wind farm; generation of energy; and oil transportation. Grupo México, S.A.B. de C.V. was founded in 1890 and is headquartered in Mexico City, Mexico.",1750301540352.0,1754889191424.0,15.73338,16.640648,4.030477,0.28,0.3099,0.55206,0.59967,0.27071,0.16076,0.35,0.75,11952305152.0,42.379,5.847,4.329,2.93,0.4013,4.84,1.062,121.5,227.88
FEMSAUBD.MX,2026-08-10T21:03:23.031462+00:00,FOMENTO ECONOMICO MEXICANO SAB,"Fomento Económico Mexicano, S.A.B. de C.V.",FEMSAUBD.MX,MEX,MXN,Consumer Defensive,Beverages - Brewers,Mexico,"Fomento Económico Mexicano, S.A.B. de C.V., through its subsidiaries, operates as a franchise bottler of Coca-Cola trademark beverages worldwide. The company operates through Coca-Cola FEMSA, Proximity Americas Division, Proximity Europe Division, Health Division, Fuel Division, and Others segments. It produces, markets, and distributes Coca-Cola trademark beverages in Mexico, Guatemala, Nicaragua, Costa Rica, Panama, Colombia, Venezuela, Brazil, Argentina, and Uruguay. The company also operates small-box retail chain stores in Mexico, Colombia, Peru, Chile, Brazil, and the United States under the OXXO name; retail service stations for fuels, motor oils, lubricants, and car care products under the OXXO GAS name in Mexico; and drugstores in Chile, Colombia, Ecuador, and Mexico under the Cruz Verde, Fybeca, Sana Sana, YZA, La Moderna, and Farmacon names. In addition, the company provides transport logistics and maintenance services in Mexico, Brazil, and Colombia; processes electronic transactions for small and medium-sized businesses under the Spin name; and engages in the proximity discount grocery business under the Bara name. Further, it operates small-box retail and foodvenience chain stores in Switzerland, Germany, Austria, Luxembourg, and the Netherlands under the k kiosk, Brezelkönig, BackWerk, Ditsch, Press & Books, avec, Caffè Spettacolo, and ok. brands. Fomento Económico Mexicano, S.A.B. de C.V. was founded in 1890 and is headquartered in Monterrey, Mexico.",847893626880.0,929048231936.0,16.007004,21.418835,3.2098439,2.28,0.03585,0.07997,0.40507,0.14746,0.06358,0.093,1.075,253004922880.0,84.073,1.136,0.816,2.27,1.0623001,2.53,0.184,156.0,235.35
GFNORTEO.MX,2026-08-10T21:03:23.031462+00:00,GRUPO FINANCIERO BANORTE,"Grupo Financiero Banorte, S.A.B. de C.V.",GFNORTEO.MX,MEX,MXN,Financial Services,Banks - Regional,Mexico,"Grupo Financiero Banorte, S.A.B. de C.V., through its subsidiaries, engages in the provision of banking and financial products and services in Mexico and internationally. It offers retail banking services, including checking and deposit accounts; credit and debit cards; mortgage, car, payroll, and personal loans; SME loans; payroll accounts; and car, home, life, and SME insurance. The company also provides wholesale banking services, such as structured loans, syndicated loans, leveraged acquisitions, investment planning, and cash management of collections, trust services, payroll, checking accounts, and credit lines; online banking, collections and payments, acquirer services, payroll, cash management and reconciliation services, currency trading, excess cash and liquidity management, and hedging and insurance; and import-export letters of credit, documentary collections, bank guarantees, standby letters of credit, letter of credit financing, import-export foreign trade financing, foreign trade structured financing, discounted import bills of exchange, import bank guarantees, international wire transfers, and remittances. In addition, it offers checking solutions, including current investment and debit accounts; financial solutions comprising SME loans and commercial credit cards; technological solutions, such as online banking, PST, and payroll; and commercial insurance solutions that consist of auto, home, and employee insurance. The company was founded in 1899 and is based in Mexico City, Mexico.",547402612736.0,1180956491776.0,9.081069,8.39099,2.3341029,0.52,0.41783002,0.59359,0.0,0.23516001,0.02405,0.041,0.0,670458249216.0,,,,8.73,0.8035,7.06,0.134,163.21,210.0
CEMEXCPO.MX,2026-08-10T21:03:23.031462+00:00,CEMEX S.A.B. DE C.V.,"CEMEX, S.A.B. de C.V.",CEMEXCPO.MX,MEX,MXN,Basic Materials,Building Materials,Mexico,"CEMEX, S.A.B. de C.V., together with its subsidiaries, engages in the production, marketing, distribution, and sale of cement, ready-mix concrete, aggregates, urbanization solutions, and other construction materials and services worldwide. It offers gray ordinary portland, white portland, and blended cement products; masonry or mortar products; standard ready-mix, architectural and decorative, rapid-setting, fiber-reinforced, fluid-fill, roller-compacted, self-consolidating, pervious, and antibacterial, and other concrete products; aggregate products, including crushed stone and manufactured sand, gravel, sand, and recycled concrete; and vertua products. The company also provides urbanization solutions for construction chemicals, mortars, concrete products, and asphalt businesses, as well as municipal and industrial waste management solutions; and construction, demolition, and excavation waste solutions. CEMEX, S.A.B. de C.V. was founded in 1906 and is based in San Pedro Garza García, Mexico.",281087148032.0,291561046016.0,,19.48,1.3044343,0.39,0.02831,0.13738,0.32968,0.040149998,0.04733,0.122,0.0,6878801920.0,53.59,0.923,0.553,1.1,0.258,3.42,0.847,15.87,23.53
BIMBOA.MX,2026-08-10T21:03:23.031462+00:00,GRUPO BIMBO SAB DE CV,"Grupo Bimbo, S.A.B. de C.V.",BIMBOA.MX,MEX,MXN,Consumer Defensive,Packaged Foods,Mexico,"Grupo Bimbo, S.A.B. de C.V., together with its subsidiaries, produces, distributes, and markets bakery products. It offers sliced and artisan bread, buns and rolls, pastries, cakes, cookies, toast, English muffins, bagels, tortillas and flatbreads, and salty snacks. The company operates Mexico, North America, Central America, Latin America, Europe and Africa, and Asia. Grupo Bimbo, S.A.B. de C.V. was founded in 1945 and is based in Mexico City, Mexico.",264608137216.0,436555907072.0,22.478102,18.331995,2.295479,2.51,0.02805,0.08405,0.52632,0.115930006,0.06211,-0.022,0.046,189679370240.0,163.525,0.843,0.594,1.76,0.3923,1.53,0.281,53.03,68.67
KOFUBL.MX,2026-08-10T21:03:23.031462+00:00,COCA-COLA FEMSA S.A.B. DE C.V.,"Coca-Cola FEMSA, S.A.B. de C.V.",KOFUBL.MX,MEX,MXN,Consumer Defensive,Beverages - Non-Alcoholic,Mexico,"Coca-Cola FEMSA, S.A.B. de C.V., a franchise bottler, produces, markets, sells, and distributes Coca-Cola trademarked beverages in Mexico, Guatemala, Nicaragua, Costa Rica, Panama, Colombia, Brazil, Argentina, and Uruguay. The company offers sparkling beverages, including colas and flavored sparkling beverages; waters; and other non-carbonated beverages, including tea, sports drinks, energy drinks, fruit-based beverages, juice, coffee, milk, value-added dairy, and plant-based drinks. It also distributes and sells beer products under the Heineken, Estrella Galicia, and Therezópolis brands; alcoholic ready-to-drink beverages, such as Bacardí Coca-Cola and Topo Chico Hard Seltzer; and Monster products. The company sells its products to distributors, retail outlets, wholesale supermarkets, discount and convenience stores, retailers, points-of-sale outlets, restaurants and bars, stadiums, auditoriums, theaters, and home deliveries. Coca-Cola FEMSA, S.A.B. de C.V. was founded in 1979 and is headquartered in Mexico City, Mexico.",405029519360.0,456734474240.0,19.747091,14.502699,2.7495859,19.98,0.08085,0.13621001,0.4646,0.17065,0.07667,0.047,0.169,93741424640.0,61.95,1.043,0.814,4.1,0.5993,3.27,0.525,147.78,200.06
SQM-B.SN,2026-08-10T21:03:23.031462+00:00,SOC QUIMICA MINERA DE CHILE S.A,Sociedad Química y Minera de Chile S.A.,SQM-B.SN,SGO,CLP,Basic Materials,Specialty Chemicals,Chile,"Sociedad Química y Minera de Chile S.A. produces and sells specialty plant nutrients, and iodine and its derivatives in Chile, Latin America, the Caribbean, Europe, North America, Asia, and internationally. It offers potassium nitrate, sodium nitrate, specialty blends, and other specialty fertilizers under the Ultrasol, Qrop, Speedfol, Allganic, Ultrasoline, Prop, and Prohydric brands. The company also provides iodine and its derivatives for use in medical, agricultural, industrial, and human and animal nutrition products comprising x-ray contrast media, biocides, antiseptics and disinfectants, pharmaceutical intermediates, polarizing films for LCD and LED screens, chemicals, organic compounds, and pigments, as well as added to edible salt to prevent iodine deficiency disorders. In addition, it produces lithium carbonate and lithium hydroxide which are used in the production of cathode material for, secondary batteries; lithium chloride; and basic lithium chemicals and lithium derivatives used in lubricating greases for heat-resistant glass, chips for the ceramic and glazing industry, and air conditioning chemicals, as well as other pharmaceutical syntheses and metal alloys. Further, the company produces potassium sulfate; and potassium chloride which are used to nourish various crops. Additionally, it produces and markets industrial chemicals, such as sodium nitrate mainly used in the production of glass and explosives, metal processing and recycling, and production of insulating materials and adhesives; potassium nitrate used as a raw material to produce frits and special ty glass, as well as in the enamel, metal treatment, and pyrotechnic sectors; solar salts used as a thermal storage medium in solar power generation plants; and potassium chloride as an additive in oil drilling and food processing sectors, as well as sells third-party fertilizers. Sociedad Química y Minera de Chile S.A. was founded in 1926 and is headquartered in Santiago, Chile.",19123453034496.0,18795536056320.0,25.509232,47.509228,3267.7664,0.32,0.15384,0.41094002,0.34465,0.13402,0.072,0.698,1.652,5207985152.0,63.386,2.759,1.932,1.4,0.0,5.15,0.996,39150.0,86900.0
CHILE.SN,2026-08-10T21:03:23.031462+00:00,BANCO DE CHILE,Banco de Chile,CHILE.SN,SGO,CLP,Financial Services,Banks - Regional,Chile,"Banco de Chile, together with its subsidiaries, provides commercial banking services in Chile. It operates through four segments: Retail Banking, Wholesale Banking, Treasury, and Subsidiaries. The company offers current account and digital student plans; digital and checking accounts; mortgage loans; credit and debit cards; consumer credit; applications; deposits and savings; financing; autoleasing; online payments; cell phone top-ups; foreign currency; and income accreditation. It also provides insurance products, including journey, health, protection, home, life, and automotive; and investments, such as mutual, investment, and APV funds, stocks, fixed income, and derivative products. In addition, the company offers cash management comprising mass and easy payments, collection, and fund transfers; foreign trade, which includes imports, exports, international network products, Banchile international transport insurance, and customs guarantee insurance; and other services, such as bank connection, financial portability, digital VAT and signature, financial advice, and SME program. It serves individuals, private entities, companies, and small and medium-sized enterprises. The company was founded in 1893 and is headquartered in Santiago, Chile.",19169001078784.0,28254966644736.0,15.826522,17.885014,3.3527093,2.47,0.45426,0.61884,0.0,0.2158,0.02243,0.136,0.286,16184756928512.0,,,,5.3,0.8344,5.8,0.071,136.91,200.68
BSANTANDER.SN,2026-08-10T21:03:23.031462+00:00,BANCO SANTANDER-CHILE,Banco Santander-Chile,BSANTANDER.SN,SGO,CLP,Financial Services,Banks - Regional,Chile,"Banco Santander-Chile, together with its subsidiaries, provides commercial and retail banking products and services in Chile. It operates through Retail, Wealth Management & Insurance, Middle-Market, Corporate and Investment Banking, and Corporate Activities and Other segments. The company provides checking accounts and savings products; debit and credit cards; consumer, auto, commercial, mortgage, and government-guaranteed loans; and Chilean peso and foreign currency denominated loans to finance various commercial transactions, trade, foreign currency forward contracts, and credit lines, as well as mortgage financing services. It offers mutual fund management, insurance and securities brokerage, foreign exchange services, financial leasing, financial consulting and advisory, investment management, foreign trade, leasing, factoring, treasury, and transactional services, as well as specialized services to finance residential projects. In addition, the company offers short-term financing and funding, and brokerage services, as well as derivatives, securitization, and other products; and manages capital allocations. Further, it provides health, life, travel, automobile, and unemployment insurance products; personal and corporate protection products; guarantees; international investment accounts, structured funds, and alternative investment funds; and wealth management and open architecture, asset management, and private banking services. It serves individuals, small to middle-sized companies, and other companies, as well as universities, government agencies, municipalities, regional governments, and construction and real estate companies. The company was incorporated in 1977 and is headquartered in Santiago, Chile. Banco Santander-Chile is a subsidiary of Banco Santander, S.A.",15414894526464.0,26737511497728.0,13.67893,20.97436,3.0989544,2.54,0.47153,0.64614,0.0,0.23592,0.01687,0.202,0.4,27452650815488.0,,,,4.35,0.5607,5.26,0.233,56.5,81.84
COPEC.SN,2026-08-10T21:03:23.031462+00:00,EMPRESAS COPEC S.A.,Empresas Copec S.A.,COPEC.SN,SGO,CLP,Industrials,Conglomerates,Chile,"Empresas Copec S.A., together with its subsidiaries, operates in the natural resources and energy sectors in Chile and internationally. The company operates through Celulosa Arauco y Constitución S.A., Copec S.A., Abastible S.A., Sociedad Nacional de Oleoductos S.A., and Pesquera Iquique-Guanaye S.A. segments. It offers electric charging services, renewable energy, and energy storage and efficiency solutions; and operates service stations and convenience stores. The company also distributes liquid fuels, lubricants, liquefied gas, and natural gas; produces and sells kraft pulps, panels, and sawn timbers for the paper, construction, packaging, and furniture industries; transports gasoline, kerosene and diesel, and liquefied petroleum gas; and produces fishmeal, fish oil, and canned and frozen mussels. In addition, it engages in the forestry, fishing, and mining businesses; sale of beans, rice, chickpeas, and lentils under the San José brand; distribution of general mills' products and processed avocado pears; investment in electromobility and start-ups involving energy, mobility, convenience, and other projects; and electricity generation and distribution from renewable energies. It exports its products to Asia and America. The company was incorporated in 1934 and is based in Santiago, Chile. Empresas Copec S.A. is a subsidiary of AntarChile S.A.",7931707785216.0,7959174184960.0,9.862455,9.987397,543.02747,3.22,0.03126,0.06379,0.14881,0.070650004,0.030469999,0.06,0.305,13257057280.0,87.182,1.701,1.045,2.87,0.35950002,3.99,0.311,5702.1,7949.0
FALABELLA.SN,2026-08-10T21:03:23.031462+00:00,FALABELLA S.A.,Falabella S.A.,FALABELLA.SN,SGO,CLP,Consumer Cyclical,Department Stores,Chile,"Falabella S.A. engages in the retail sale of clothing, accessories, household, electronics, beauty, and other products in Chile, Argentina, Peru, Colombia, Uruguay, Mexico, and Brazil. It operates through Home Improvement, Real Estate, Supermarkets, and Other Businesses segments. The company operates multi-specialist stores, which sells various clothing and accessories, as well as products for the home, electronics, beauty products, and others under the Falabella brand; hypermarkets and supermarkets format that offers food and other non-food products under the Tottus brand. It also sells construction and home improvement products, including construction materials, hardware, tools, kitchen accessories, bathroom, garden, and decoration products under the Sodimac brand. In addition, the company engages in the construction and leasing of commercial centers; and provision of financial services, such as CMR, insurance brokers, and banking, as well as manufacturing of textiles. Further, it provides digital payments; and involved in online business superstore, as well as operates department stores; and financial retails. Falabella S.A. was founded in 1889 and is headquartered in Santiago, Chile.",16154449936384.0,22150383665152.0,11.6282015,36.98237,1.9875408,1.03,0.102539994,0.12745,0.32928002,0.21555,0.0373,0.069,0.223,5642679484416.0,55.084,3.296,2.578,1.68,0.2316,1.82,0.527,4802.0,6948.5
CENCOSUD.SN,2026-08-10T21:03:23.031462+00:00,CENCOSUD S.A.,Cencosud S.A.,CENCOSUD.SN,SGO,CLP,Consumer Cyclical,Department Stores,Chile,"Cencosud S.A., together with its subsidiaries, operates as a retailer in Chile, Argentina, Brazil, Peru, Colombia, Uruguay, the United States, and China. It engages in the operation of supermarkets, hypermarkets, home improvement stores, retail stores, department stores, and shopping centers, as well as provision of financial services. The company was founded in 1963 and is based in Las Condes, Chile. Cencosud S.A. operates as a subsidiary of PK One Limited.",5645720354816.0,11327579881472.0,20.226936,15.713628,1.1179674,1.13,0.009649999,0.03671,0.28995,0.04612,0.03118,-0.018,,5700337532928.0,99.365,0.988,0.339,1.25,0.1441,5.39,0.088,1987.6,3238.0
ENELCHILE.SN,2026-08-10T21:03:23.031462+00:00,ENEL CHILE S.A.,Enel Chile S.A.,ENELCHILE.SN,SGO,CLP,Utilities,Utilities - Regulated Electric,Chile,"Enel Chile S.A., together with its subsidiaries, engages in the exploration, development, operation, generation, distribution, transmission, transformation, and sale of electricity in Chile and internationally. It operates in two segments, Generation and Distribution and Networks. The company generates and sells energy from renewable sources, including wind, hydroelectric, solar photovoltaic, and geothermal power, as well as energy storage systems; and transports and sells fuels. It is also involved in consulting services; financial assets investments; and civil and hydraulic engineering works. The company was formerly known as Enersis Chile S.A. and changed its name to Enel Chile S.A. in October 2016. Enel Chile S.A. was incorporated in 2016 and is based in Santiago, Chile. The company operates as a subsidiary of Enel SpA.",5661282271232.0,5730912960512.0,10.942513,15.924125,1062.9869,,0.12821001,0.12092,0.37273997,0.109969996,0.04109,-0.113,0.537,3821344000.0,66.905,0.787,0.688,4.29,0.4799,4.18,0.44,63.22,84.0
CMPC.SN,2026-08-10T21:03:23.031462+00:00,EMPRESAS CMPC S.A.,Empresas CMPC S.A.,CMPC.SN,SGO,CLP,Basic Materials,Paper & Paper Products,Chile,"Empresas CMPC S.A. engages in the production and sale of pulp and wood products in Chile and internationally. It operates through Pulp, Biopackaging, and Softys segments. The Pulp segment produces and markets pulp, forestry, and lumber products to the industrial pulp mills, remanufactured products, and plywood plants. This segment also offers sawn lumber, remanufactured products, and plywood sheets, as well as owns forest plantations, primarily pine and eucalyptus. The Biopackaging segment provides elaborated paper products, such as bags or industrial sacks, as well as molded pulp trays, and corrugation and corrugated cardboard boxes; manufactures and retails bags; and distributes papers. The Softys segment offers tissue products, such as toilet papers, paper towels, paper napkins, and facial tissues; sanitary products comprising baby diapers, wipes, adult diapers, and sanitary napkins; and specialized hygiene products for consumption in institutions and public places. This segment sells its products through supermarkets, pharmacies, and distributors under the Elite, Confort, Nova, Higienol, Sussex, Babysec, Cotidian, Ladysoft, Duetto, Cotton, Deluxe, Cremer, PomPom, and other brand names. The company was incorporated in 1920 and is headquartered in Santiago, Chile.",2588999942144.0,2580618936320.0,15.971623,5.0227957,253.20291,,0.01395,0.04077,0.18368,0.0114400005,-0.0052,0.005,-0.892,6434034176.0,62.925,1.711,0.832,0.89,0.2475,7.63,0.132,1015.0,1599.0
